Commodity,Year,Month,Price
COCOYAM,1970,JANUARY,0.0005
COCOYAM,1971,JANUARY,0.0007
COCOYAM,1972,JANUARY,0.0008
COCOYAM,1973,JANUARY,0.001
COCOYAM,1974,JANUARY,0.0011
COCOYAM,1975,JANUARY,0.0014
COCOYAM,1976,JANUARY,0.0021
COCOYAM,1977,JANUARY,0.0051
COCOYAM,1978,JANUARY,0.0086
COCOYAM,1979,JANUARY,0.0124
COCOYAM,1980,JANUARY,0.0129
COCOYAM,1981,JANUARY,0.0312
COCOYAM,1982,JANUARY,0.0382
COCOYAM,1983,JANUARY,0.1127
COCOYAM,1984,JANUARY,0.2674
COCOYAM,1985,JANUARY,0.0935
COCOYAM,1986,JANUARY,0.12
COCOYAM,1987,JANUARY,0.277
COCOYAM,1988,JANUARY,0.4159
COCOYAM,1989,JANUARY,0.433
COCOYAM,1990,JANUARY,0.5165
COCOYAM,1991,JANUARY,0.9003
COCOYAM,1992,JANUARY,0.685
COCOYAM,1993,JANUARY,1.0532
COCOYAM,1994,JANUARY,1.088
COCOYAM,1995,JANUARY,2.012
COCOYAM,1996,JANUARY,2.7419
COCOYAM,1997,JANUARY,2.847
COCOYAM,1998,JANUARY,5.7261
COCOYAM,1999,JANUARY,5.9544
COCOYAM,2000,JANUARY,5.6241
COCOYAM,2001,JANUARY,7.4797
COCOYAM,2002,JANUARY,11.7104
COCOYAM,2003,JANUARY,11.8546
COCOYAM,2004,JANUARY,15.0006
COCOYAM,2005,JANUARY,18.147
COCOYAM,2006,JANUARY,22.962
COCOYAM,2007,JANUARY,25.42
COCOYAM,2008,JANUARY,28.55
COCOYAM,2009,JANUARY,34.07
COCOYAM,2010,JANUARY,42.53
COCOYAM,2011,JANUARY,54
COCOYAM,2012,JANUARY,61.74
COCOYAM,2013,JANUARY,91.74
COCOYAM,2014,JANUARY,107.93
COCOYAM,2015,JANUARY,131.18
COCOYAM,2016,JANUARY,145.01
COCOYAM,2017,JANUARY,197.58
COCOYAM,1970,FEBRUARY,0.0006
COCOYAM,1971,FEBRUARY,0.0007
COCOYAM,1972,FEBRUARY,0.0008
COCOYAM,1973,FEBRUARY,0.0009
COCOYAM,1974,FEBRUARY,0.0011
COCOYAM,1975,FEBRUARY,0.0014
COCOYAM,1976,FEBRUARY,0.0021
COCOYAM,1977,FEBRUARY,0.0057
COCOYAM,1978,FEBRUARY,0.0088
COCOYAM,1979,FEBRUARY,0.0112
COCOYAM,1980,FEBRUARY,0.0157
COCOYAM,1981,FEBRUARY,0.0322
COCOYAM,1982,FEBRUARY,0.0395
COCOYAM,1983,FEBRUARY,0.1335
COCOYAM,1984,FEBRUARY,0.2215
COCOYAM,1985,FEBRUARY,0.0627
COCOYAM,1986,FEBRUARY,0.1869
COCOYAM,1987,FEBRUARY,0.2161
COCOYAM,1988,FEBRUARY,0.3851
COCOYAM,1989,FEBRUARY,0.4387
COCOYAM,1990,FEBRUARY,0.4912
COCOYAM,1991,FEBRUARY,0.7772
COCOYAM,1992,FEBRUARY,0.6573
COCOYAM,1993,FEBRUARY,0.9648
COCOYAM,1994,FEBRUARY,1.1427
COCOYAM,1995,FEBRUARY,2.0379
COCOYAM,1996,FEBRUARY,2.5024
COCOYAM,1997,FEBRUARY,3.0346
COCOYAM,1998,FEBRUARY,5.121
COCOYAM,1999,FEBRUARY,5.7424
COCOYAM,2000,FEBRUARY,5.7767
COCOYAM,2001,FEBRUARY,8.1111
COCOYAM,2002,FEBRUARY,12.3583
COCOYAM,2003,FEBRUARY,11.554
COCOYAM,2004,FEBRUARY,14.2998
COCOYAM,2005,FEBRUARY,17.145
COCOYAM,2006,FEBRUARY,21.869
COCOYAM,2007,FEBRUARY,25.09
COCOYAM,2008,FEBRUARY,27.75
COCOYAM,2009,FEBRUARY,34.16
COCOYAM,2010,FEBRUARY,41.67
COCOYAM,2011,FEBRUARY,53.72
COCOYAM,2012,FEBRUARY,64.76
COCOYAM,2013,FEBRUARY,104.52
COCOYAM,2014,FEBRUARY,102.39
COCOYAM,2015,FEBRUARY,140.41
COCOYAM,2016,FEBRUARY,166.03
COCOYAM,2017,FEBRUARY,194.07
COCOYAM,1970,MARCH,0.0005
COCOYAM,1971,MARCH,0.0007
COCOYAM,1972,MARCH,0.0008
COCOYAM,1973,MARCH,0.001
COCOYAM,1974,MARCH,0.0012
COCOYAM,1975,MARCH,0.0015
COCOYAM,1976,MARCH,0.0018
COCOYAM,1977,MARCH,0.0055
COCOYAM,1978,MARCH,0.0084
COCOYAM,1979,MARCH,0.0114
COCOYAM,1980,MARCH,0.0155
COCOYAM,1981,MARCH,0.027
COCOYAM,1982,MARCH,0.0373
COCOYAM,1983,MARCH,0.1062
COCOYAM,1984,MARCH,0.2196
COCOYAM,1985,MARCH,0.0876
COCOYAM,1986,MARCH,0.1301
COCOYAM,1987,MARCH,0.3004
COCOYAM,1988,MARCH,0.3922
COCOYAM,1989,MARCH,0.4525
COCOYAM,1990,MARCH,0.519
COCOYAM,1991,MARCH,0.7326
COCOYAM,1992,MARCH,0.6824
COCOYAM,1993,MARCH,0.9352
COCOYAM,1994,MARCH,1.1504
COCOYAM,1995,MARCH,2.1968
COCOYAM,1996,MARCH,2.5134
COCOYAM,1997,MARCH,3.1516
COCOYAM,1998,MARCH,5.3142
COCOYAM,1999,MARCH,5.0946
COCOYAM,2000,MARCH,6.0588
COCOYAM,2001,MARCH,8.3137
COCOYAM,2002,MARCH,11.734
COCOYAM,2003,MARCH,12.3977
COCOYAM,2004,MARCH,14.3545
COCOYAM,2005,MARCH,17.833
COCOYAM,2006,MARCH,21.679
COCOYAM,2007,MARCH,20.66
COCOYAM,2008,MARCH,26.96
COCOYAM,2009,MARCH,33.68
COCOYAM,2010,MARCH,41.12
COCOYAM,2011,MARCH,51
COCOYAM,2012,MARCH,61.87
COCOYAM,2013,MARCH,103.1
COCOYAM,2014,MARCH,107.77
COCOYAM,2015,MARCH,114.17
COCOYAM,2016,MARCH,164.33
COCOYAM,2017,MARCH,197.92
COCOYAM,1970,APRIL,0.0005
COCOYAM,1971,APRIL,0.0007
COCOYAM,1972,APRIL,0.0009
COCOYAM,1973,APRIL,0.0011
COCOYAM,1974,APRIL,0.0013
COCOYAM,1975,APRIL,0.0016
COCOYAM,1976,APRIL,0.0024
COCOYAM,1977,APRIL,0.005
COCOYAM,1978,APRIL,0.0075
COCOYAM,1979,APRIL,0.0131
COCOYAM,1980,APRIL,0.0144
COCOYAM,1981,APRIL,0.0299
COCOYAM,1982,APRIL,0.0421
COCOYAM,1983,APRIL,0.2757
COCOYAM,1984,APRIL,0.211
COCOYAM,1985,APRIL,0.076
COCOYAM,1986,APRIL,0.1905
COCOYAM,1987,APRIL,0.331
COCOYAM,1988,APRIL,0.4736
COCOYAM,1989,APRIL,0.4879
COCOYAM,1990,APRIL,0.508
COCOYAM,1991,APRIL,0.7351
COCOYAM,1992,APRIL,0.7722
COCOYAM,1993,APRIL,1.1055
COCOYAM,1994,APRIL,1.2903
COCOYAM,1995,APRIL,2.507
COCOYAM,1996,APRIL,2.2706
COCOYAM,1997,APRIL,3.2751
COCOYAM,1998,APRIL,6.6462
COCOYAM,1999,APRIL,5.4132
COCOYAM,2000,APRIL,6.4141
COCOYAM,2001,APRIL,9.0597
COCOYAM,2002,APRIL,12.8061
COCOYAM,2003,APRIL,12.4118
COCOYAM,2004,APRIL,15.2298
COCOYAM,2005,APRIL,20.18
COCOYAM,2006,APRIL,21.116
COCOYAM,2007,APRIL,24.48
COCOYAM,2008,APRIL,28.27
COCOYAM,2009,APRIL,34.78
COCOYAM,2010,APRIL,47.76
COCOYAM,2011,APRIL,52.45
COCOYAM,2012,APRIL,57.3
COCOYAM,2013,APRIL,102.85
COCOYAM,2014,APRIL,114.49
COCOYAM,2015,APRIL,137.9
COCOYAM,2016,APRIL,215.65
COCOYAM,2017,APRIL,202.72
COCOYAM,1970,MAY,0.0006
COCOYAM,1971,MAY,0.0009
COCOYAM,1972,MAY,0.0009
COCOYAM,1973,MAY,0.0012
COCOYAM,1974,MAY,0.0013
COCOYAM,1975,MAY,0.0017
COCOYAM,1976,MAY,0.0024
COCOYAM,1977,MAY,0.0063
COCOYAM,1978,MAY,0.0114
COCOYAM,1979,MAY,0.0131
COCOYAM,1980,MAY,0.0135
COCOYAM,1981,MAY,0.027
COCOYAM,1982,MAY,0.0552
COCOYAM,1983,MAY,0.4637
COCOYAM,1984,MAY,0.2796
COCOYAM,1985,MAY,0.1239
COCOYAM,1986,MAY,0.1982
COCOYAM,1987,MAY,0.4366
COCOYAM,1988,MAY,0.4899
COCOYAM,1989,MAY,0.5232
COCOYAM,1990,MAY,0.6424
COCOYAM,1991,MAY,0.7374
COCOYAM,1992,MAY,0.7865
COCOYAM,1993,MAY,1.1734
COCOYAM,1994,MAY,1.3833
COCOYAM,1995,MAY,2.7826
COCOYAM,1996,MAY,2.3236
COCOYAM,1997,MAY,3.7402
COCOYAM,1998,MAY,6.8235
COCOYAM,1999,MAY,6.0416
COCOYAM,2000,MAY,6.8286
COCOYAM,2001,MAY,9.2581
COCOYAM,2002,MAY,12.5872
COCOYAM,2003,MAY,11.7651
COCOYAM,2004,MAY,16.689
COCOYAM,2005,MAY,20.797
COCOYAM,2006,MAY,32.43
COCOYAM,2007,MAY,26.25
COCOYAM,2008,MAY,31.95
COCOYAM,2009,MAY,35.78
COCOYAM,2010,MAY,46.52
COCOYAM,2011,MAY,57.79
COCOYAM,2012,MAY,73.97
COCOYAM,2013,MAY,105.1
COCOYAM,2014,MAY,113.8
COCOYAM,2015,MAY,140.4
COCOYAM,2016,MAY,248.78
COCOYAM,2017,MAY,239.59
COCOYAM,1970,JUNE,0.0006
COCOYAM,1971,JUNE,0.0009
COCOYAM,1972,JUNE,0.0011
COCOYAM,1973,JUNE,0.0013
COCOYAM,1974,JUNE,0.0015
COCOYAM,1975,JUNE,0.0017
COCOYAM,1976,JUNE,0.0036
COCOYAM,1977,JUNE,0.0108
COCOYAM,1978,JUNE,0.0128
COCOYAM,1979,JUNE,0.0142
COCOYAM,1980,JUNE,0.0226
COCOYAM,1981,JUNE,0.0431
COCOYAM,1982,JUNE,0.0645
COCOYAM,1983,JUNE,0.4227
COCOYAM,1984,JUNE,0.3055
COCOYAM,1985,JUNE,0.1217
COCOYAM,1986,JUNE,0.1953
COCOYAM,1987,JUNE,0.5477
COCOYAM,1988,JUNE,0.5717
COCOYAM,1989,JUNE,0.6026
COCOYAM,1990,JUNE,0.8057
COCOYAM,1991,JUNE,0.7632
COCOYAM,1992,JUNE,0.8717
COCOYAM,1993,JUNE,1.2849
COCOYAM,1994,JUNE,1.4979
COCOYAM,1995,JUNE,3.2697
COCOYAM,1996,JUNE,2.5538
COCOYAM,1997,JUNE,4.1771
COCOYAM,1998,JUNE,5.692
COCOYAM,1999,JUNE,4.4121
COCOYAM,2000,JUNE,8.1447
COCOYAM,2001,JUNE,10.8149
COCOYAM,2002,JUNE,13.9286
COCOYAM,2003,JUNE,13.4617
COCOYAM,2004,JUNE,16.9767
COCOYAM,2005,JUNE,22.193
COCOYAM,2006,JUNE,23.43
COCOYAM,2007,JUNE,30.53
COCOYAM,2008,JUNE,31.94
COCOYAM,2009,JUNE,40.81
COCOYAM,2010,JUNE,48.61
COCOYAM,2011,JUNE,61.95
COCOYAM,2012,JUNE,80.8
COCOYAM,2013,JUNE,118.64
COCOYAM,2014,JUNE,122.25
COCOYAM,2015,JUNE,140.12
COCOYAM,2016,JUNE,229.63
COCOYAM,2017,JUNE,219.08
COCOYAM,1970,JULY,0.0007
COCOYAM,1971,JULY,0.001
COCOYAM,1972,JULY,0.001
COCOYAM,1973,JULY,0.0016
COCOYAM,1974,JULY,0.0017
COCOYAM,1975,JULY,0.0022
COCOYAM,1976,JULY,0.0037
COCOYAM,1977,JULY,0.0125
COCOYAM,1978,JULY,0.0129
COCOYAM,1979,JULY,0.0148
COCOYAM,1980,JULY,0.0242
COCOYAM,1981,JULY,0.0539
COCOYAM,1982,JULY,0.0724
COCOYAM,1983,JULY,0.4333
COCOYAM,1984,JULY,0.259
COCOYAM,1985,JULY,0.1186
COCOYAM,1986,JULY,0.2992
COCOYAM,1987,JULY,0.5451
COCOYAM,1988,JULY,0.6339
COCOYAM,1989,JULY,0.5942
COCOYAM,1990,JULY,0.9597
COCOYAM,1991,JULY,0.7753
COCOYAM,1992,JULY,0.972
COCOYAM,1993,JULY,1.4359
COCOYAM,1994,JULY,1.657
COCOYAM,1995,JULY,3.2629
COCOYAM,1996,JULY,2.4604
COCOYAM,1997,JULY,4.4882
COCOYAM,1998,JULY,5.612
COCOYAM,1999,JULY,5.2857
COCOYAM,2000,JULY,8.2456
COCOYAM,2001,JULY,10.376
COCOYAM,2002,JULY,14.9529
COCOYAM,2003,JULY,12.8466
COCOYAM,2004,JULY,19.7575
COCOYAM,2005,JULY,22.659
COCOYAM,2006,JULY,23.426
COCOYAM,2007,JULY,31.41
COCOYAM,2008,JULY,33.31
COCOYAM,2009,JULY,38.86
COCOYAM,2010,JULY,50.38
COCOYAM,2011,JULY,60.92
COCOYAM,2012,JULY,84.3
COCOYAM,2013,JULY,118.4
COCOYAM,2014,JULY,122.81
COCOYAM,2015,JULY,146.57
COCOYAM,2016,JULY,244.35
COCOYAM,2017,JULY,196.04
COCOYAM,1970,AUGUST,0.0008
COCOYAM,1971,AUGUST,0.001
COCOYAM,1972,AUGUST,0.001
COCOYAM,1973,AUGUST,0.0017
COCOYAM,1974,AUGUST,0.0016
COCOYAM,1975,AUGUST,0.0018
COCOYAM,1976,AUGUST,0.0039
COCOYAM,1977,AUGUST,0.0135
COCOYAM,1978,AUGUST,0.0109
COCOYAM,1979,AUGUST,0.0117
COCOYAM,1980,AUGUST,0.0196
COCOYAM,1981,AUGUST,0.0535
COCOYAM,1982,AUGUST,0.0581
COCOYAM,1983,AUGUST,0.5427
COCOYAM,1984,AUGUST,0.2233
COCOYAM,1985,AUGUST,0.1014
COCOYAM,1986,AUGUST,0.2266
COCOYAM,1987,AUGUST,0.5856
COCOYAM,1988,AUGUST,0.4704
COCOYAM,1989,AUGUST,0.6135
COCOYAM,1990,AUGUST,0.9882
COCOYAM,1991,AUGUST,0.7823
COCOYAM,1992,AUGUST,1.0438
COCOYAM,1993,AUGUST,1.4267
COCOYAM,1994,AUGUST,1.8508
COCOYAM,1995,AUGUST,2.8804
COCOYAM,1996,AUGUST,2.4814
COCOYAM,1997,AUGUST,4.7147
COCOYAM,1998,AUGUST,6.308
COCOYAM,1999,AUGUST,5.3045
COCOYAM,2000,AUGUST,7.5485
COCOYAM,2001,AUGUST,12.5
COCOYAM,2002,AUGUST,13.8132
COCOYAM,2003,AUGUST,13.8262
COCOYAM,2004,AUGUST,20.688
COCOYAM,2005,AUGUST,23.097
COCOYAM,2006,AUGUST,24.46
COCOYAM,2007,AUGUST,29.53
COCOYAM,2008,AUGUST,32.35
COCOYAM,2009,AUGUST,35.85
COCOYAM,2010,AUGUST,49.35
COCOYAM,2011,AUGUST,58.39
COCOYAM,2012,AUGUST,83.42
COCOYAM,2013,AUGUST,124.43
COCOYAM,2014,AUGUST,125.35
COCOYAM,2015,AUGUST,148.3
COCOYAM,2016,AUGUST,215.61
COCOYAM,2017,AUGUST,208.95
COCOYAM,1970,SEPTEMBER,0.0007
COCOYAM,1971,SEPTEMBER,0.0009
COCOYAM,1972,SEPTEMBER,0.001
COCOYAM,1973,SEPTEMBER,0.0015
COCOYAM,1974,SEPTEMBER,0.0015
COCOYAM,1975,SEPTEMBER,0.0015
COCOYAM,1976,SEPTEMBER,0.0038
COCOYAM,1977,SEPTEMBER,0.011
COCOYAM,1978,SEPTEMBER,0.0079
COCOYAM,1979,SEPTEMBER,0.0074
COCOYAM,1980,SEPTEMBER,0.0144
COCOYAM,1981,SEPTEMBER,0.046
COCOYAM,1982,SEPTEMBER,0.0575
COCOYAM,1983,SEPTEMBER,0.2625
COCOYAM,1984,SEPTEMBER,0.142
COCOYAM,1985,SEPTEMBER,0.1154
COCOYAM,1986,SEPTEMBER,0.2344
COCOYAM,1987,SEPTEMBER,0.5105
COCOYAM,1988,SEPTEMBER,0.4895
COCOYAM,1989,SEPTEMBER,0.60222
COCOYAM,1990,SEPTEMBER,1.0536
COCOYAM,1991,SEPTEMBER,0.7723
COCOYAM,1992,SEPTEMBER,1.3686
COCOYAM,1993,SEPTEMBER,1.4338
COCOYAM,1994,SEPTEMBER,1.7053
COCOYAM,1995,SEPTEMBER,3.0428
COCOYAM,1996,SEPTEMBER,2.393
COCOYAM,1997,SEPTEMBER,5.284
COCOYAM,1998,SEPTEMBER,6.44
COCOYAM,1999,SEPTEMBER,5.5437
COCOYAM,2000,SEPTEMBER,7.7574
COCOYAM,2001,SEPTEMBER,10.95
COCOYAM,2002,SEPTEMBER,13.2775
COCOYAM,2003,SEPTEMBER,13.4692
COCOYAM,2004,SEPTEMBER,18.0179
COCOYAM,2005,SEPTEMBER,23.08
COCOYAM,2006,SEPTEMBER,21.9853
COCOYAM,2007,SEPTEMBER,38.59
COCOYAM,2008,SEPTEMBER,34.53
COCOYAM,2009,SEPTEMBER,39.98
COCOYAM,2010,SEPTEMBER,46.99
COCOYAM,2011,SEPTEMBER,57.6
COCOYAM,2012,SEPTEMBER,82.44
COCOYAM,2013,SEPTEMBER,108.54
COCOYAM,2014,SEPTEMBER,121.2
COCOYAM,2015,SEPTEMBER,131.2
COCOYAM,2016,SEPTEMBER,209.91
COCOYAM,2017,SEPTEMBER,193.72
COCOYAM,1970,OCTOBER,0.0007
COCOYAM,1971,OCTOBER,0.0008
COCOYAM,1972,OCTOBER,0.0009
COCOYAM,1973,OCTOBER,0.0011
COCOYAM,1974,OCTOBER,0.0014
COCOYAM,1975,OCTOBER,0.0018
COCOYAM,1976,OCTOBER,0.0042
COCOYAM,1977,OCTOBER,0.0074
COCOYAM,1978,OCTOBER,0.0113
COCOYAM,1979,OCTOBER,0.0111
COCOYAM,1980,OCTOBER,0.0278
COCOYAM,1981,OCTOBER,0.0487
COCOYAM,1982,OCTOBER,0.074
COCOYAM,1983,OCTOBER,0.29
COCOYAM,1984,OCTOBER,0.1387
COCOYAM,1985,OCTOBER,0.1009
COCOYAM,1986,OCTOBER,0.224
COCOYAM,1987,OCTOBER,0.5144
COCOYAM,1988,OCTOBER,0.4906
COCOYAM,1989,OCTOBER,0.5905
COCOYAM,1990,OCTOBER,1.032
COCOYAM,1991,OCTOBER,0.83
COCOYAM,1992,OCTOBER,0.9857
COCOYAM,1993,OCTOBER,1.2397
COCOYAM,1994,OCTOBER,1.6324
COCOYAM,1995,OCTOBER,2.8506
COCOYAM,1996,OCTOBER,2.5576
COCOYAM,1997,OCTOBER,5.6865
COCOYAM,1998,OCTOBER,6.68
COCOYAM,1999,OCTOBER,5.6049
COCOYAM,2000,OCTOBER,7.3187
COCOYAM,2001,OCTOBER,10.0125
COCOYAM,2002,OCTOBER,12.9024
COCOYAM,2003,OCTOBER,13.4518
COCOYAM,2004,OCTOBER,16.6
COCOYAM,2005,OCTOBER,21.456
COCOYAM,2006,OCTOBER,22.78
COCOYAM,2007,OCTOBER,29.99
COCOYAM,2008,OCTOBER,39.14
COCOYAM,2009,OCTOBER,40.3
COCOYAM,2010,OCTOBER,48.51
COCOYAM,2011,OCTOBER,52.33
COCOYAM,2012,OCTOBER,84.4
COCOYAM,2013,OCTOBER,106.7
COCOYAM,2014,OCTOBER,124.86
COCOYAM,2015,OCTOBER,125.27
COCOYAM,2016,OCTOBER,210.83
COCOYAM,2017,OCTOBER,210.27
COCOYAM,1970,NOVEMBER,0.0007
COCOYAM,1971,NOVEMBER,0.0008
COCOYAM,1972,NOVEMBER,0.0009
COCOYAM,1973,NOVEMBER,0.0011
COCOYAM,1974,NOVEMBER,0.0015
COCOYAM,1975,NOVEMBER,0.0019
COCOYAM,1976,NOVEMBER,0.0044
COCOYAM,1977,NOVEMBER,0.0086
COCOYAM,1978,NOVEMBER,0.01
COCOYAM,1979,NOVEMBER,0.017
COCOYAM,1980,NOVEMBER,0.0267
COCOYAM,1981,NOVEMBER,0.0405
COCOYAM,1982,NOVEMBER,0.0849
COCOYAM,1983,NOVEMBER,0.185
COCOYAM,1984,NOVEMBER,0.0803
COCOYAM,1985,NOVEMBER,0.1537
COCOYAM,1986,NOVEMBER,0.244
COCOYAM,1987,NOVEMBER,0.5792
COCOYAM,1988,NOVEMBER,0.3893
COCOYAM,1989,NOVEMBER,0.5407
COCOYAM,1990,NOVEMBER,1.1794
COCOYAM,1991,NOVEMBER,0.7163
COCOYAM,1992,NOVEMBER,1.0544
COCOYAM,1993,NOVEMBER,1.2688
COCOYAM,1994,NOVEMBER,2.4411
COCOYAM,1995,NOVEMBER,2.6799
COCOYAM,1996,NOVEMBER,2.8125
COCOYAM,1997,NOVEMBER,4.7871
COCOYAM,1998,NOVEMBER,6.375
COCOYAM,1999,NOVEMBER,5.9009
COCOYAM,2000,NOVEMBER,7.3794
COCOYAM,2001,NOVEMBER,10.1167
COCOYAM,2002,NOVEMBER,12.3761
COCOYAM,2003,NOVEMBER,13.8904
COCOYAM,2004,NOVEMBER,16.8
COCOYAM,2005,NOVEMBER,19.426
COCOYAM,2006,NOVEMBER,23.1985
COCOYAM,2007,NOVEMBER,28.79
COCOYAM,2008,NOVEMBER,36.43
COCOYAM,2009,NOVEMBER,40.55
COCOYAM,2010,NOVEMBER,48.41
COCOYAM,2011,NOVEMBER,54.6
COCOYAM,2012,NOVEMBER,86.7
COCOYAM,2013,NOVEMBER,89.44
COCOYAM,2014,NOVEMBER,146.93
COCOYAM,2015,NOVEMBER,156.74
COCOYAM,2016,NOVEMBER,194.02
COCOYAM,2017,NOVEMBER,197.45
COCOYAM,1970,DECEMBER,0.0007
COCOYAM,1971,DECEMBER,0.0008
COCOYAM,1972,DECEMBER,0.0009
COCOYAM,1973,DECEMBER,0.0013
COCOYAM,1974,DECEMBER,0.0017
COCOYAM,1975,DECEMBER,0.0019
COCOYAM,1976,DECEMBER,0.0045
COCOYAM,1977,DECEMBER,0.0098
COCOYAM,1978,DECEMBER,0.0112
COCOYAM,1979,DECEMBER,0.0133
COCOYAM,1980,DECEMBER,0.0248
COCOYAM,1981,DECEMBER,0.051
COCOYAM,1982,DECEMBER,0.0547
COCOYAM,1983,DECEMBER,0.14
COCOYAM,1984,DECEMBER,0.0973
COCOYAM,1985,DECEMBER,0.0933
COCOYAM,1986,DECEMBER,0.2719
COCOYAM,1987,DECEMBER,0.4314
COCOYAM,1988,DECEMBER,0.4104
COCOYAM,1989,DECEMBER,0.5136
COCOYAM,1990,DECEMBER,0.8846
COCOYAM,1991,DECEMBER,0.6936
COCOYAM,1992,DECEMBER,1.0603
COCOYAM,1993,DECEMBER,1.1483
COCOYAM,1994,DECEMBER,2.3815
COCOYAM,1995,DECEMBER,2.4923
COCOYAM,1996,DECEMBER,2.7505
COCOYAM,1997,DECEMBER,5.5798
COCOYAM,1998,DECEMBER,6.3888
COCOYAM,1999,DECEMBER,6.323
COCOYAM,2000,DECEMBER,7.1814
COCOYAM,2001,DECEMBER,11.0063
COCOYAM,2002,DECEMBER,12.343
COCOYAM,2003,DECEMBER,13.4343
COCOYAM,2004,DECEMBER,17.9
COCOYAM,2005,DECEMBER,23.2518
COCOYAM,2006,DECEMBER,23.6766
COCOYAM,2007,DECEMBER,29.54
COCOYAM,2008,DECEMBER,37.04
COCOYAM,2009,DECEMBER,40.12
COCOYAM,2010,DECEMBER,57.57
COCOYAM,2011,DECEMBER,55.72
COCOYAM,2012,DECEMBER,87.5
COCOYAM,2013,DECEMBER,114.24
COCOYAM,2014,DECEMBER,125.05
COCOYAM,2015,DECEMBER,148.98
COCOYAM,2016,DECEMBER,182.85
COCOYAM,2017,DECEMBER,195.17
LOCAL RICE,1970,Jan,0.0022
LOCAL RICE,1971,Jan,0.0023
LOCAL RICE,1972,Jan,0.0029
LOCAL RICE,1973,Jan,0.0038
LOCAL RICE,1974,Jan,0.0042
LOCAL RICE,1975,Jan,0.0051
LOCAL RICE,1976,Jan,0.0096
LOCAL RICE,1977,Jan,0.0158
LOCAL RICE,1978,Jan,0.0295
LOCAL RICE,1979,Jan,0.025
LOCAL RICE,1980,Jan,0.0335
LOCAL RICE,1981,Jan,0.0769
LOCAL RICE,1982,Jan,0.09
LOCAL RICE,1983,Jan,0.43
LOCAL RICE,1984,Jan,0.825
LOCAL RICE,1985,Jan,0.535
LOCAL RICE,1986,Jan,0.55
LOCAL RICE,1987,Jan,0.9075
LOCAL RICE,1988,Jan,1.645
LOCAL RICE,1989,Jan,1.657
LOCAL RICE,1990,Jan,1.98
LOCAL RICE,1991,Jan,1.8
LOCAL RICE,1992,Jan,1.956
LOCAL RICE,1993,Jan,2.5
LOCAL RICE,1994,Jan,2.75
LOCAL RICE,1995,Jan,4.75
LOCAL RICE,1996,Jan,6.79
LOCAL RICE,1997,Jan,9.42
LOCAL RICE,1998,Jan,9.75
LOCAL RICE,1999,Jan,11.345
LOCAL RICE,2000,Jan,11.95
LOCAL RICE,2001,Jan,24.625
LOCAL RICE,2002,Jan,25.52
LOCAL RICE,2003,Jan,30.9704
LOCAL RICE,2004,Jan,36.032
LOCAL RICE,2005,Jan,45.891
LOCAL RICE,2006,Jan,51.468
LOCAL RICE,2007,Jan,54.34
LOCAL RICE,2008,Jan,62
LOCAL RICE,2009,Jan,102.16
LOCAL RICE,2010,Jan,102.63
LOCAL RICE,2011,Jan,105.66
LOCAL RICE,2012,Jan,130.67
LOCAL RICE,2013,Jan,157.2
LOCAL RICE,2014,Jan,166.59
LOCAL RICE,2015,Jan,274.64
LOCAL RICE,2016,Jan,411.9
LOCAL RICE,2017,Jan,386.39
LOCAL RICE,1970,Feb,0.0022
LOCAL RICE,1971,Feb,0.0024
LOCAL RICE,1972,Feb,0.0029
LOCAL RICE,1973,Feb,0.0039
LOCAL RICE,1974,Feb,0.0043
LOCAL RICE,1975,Feb,0.0052
LOCAL RICE,1976,Feb,0.0097
LOCAL RICE,1977,Feb,0.0157
LOCAL RICE,1978,Feb,0.0296
LOCAL RICE,1979,Feb,0.0252
LOCAL RICE,1980,Feb,0.0337
LOCAL RICE,1981,Feb,0.078
LOCAL RICE,1982,Feb,0.0914
LOCAL RICE,1983,Feb,0.4308
LOCAL RICE,1984,Feb,0.8189
LOCAL RICE,1985,Feb,0.5368
LOCAL RICE,1986,Feb,0.5819
LOCAL RICE,1987,Feb,0.9173
LOCAL RICE,1988,Feb,1.6591
LOCAL RICE,1989,Feb,1.6591
LOCAL RICE,1990,Feb,1.92
LOCAL RICE,1991,Feb,1.8285
LOCAL RICE,1992,Feb,1.9591
LOCAL RICE,1993,Feb,2.5101
LOCAL RICE,1994,Feb,2.8117
LOCAL RICE,1995,Feb,4.85
LOCAL RICE,1996,Feb,6.8346
LOCAL RICE,1997,Feb,9.3977
LOCAL RICE,1998,Feb,9.84
LOCAL RICE,1999,Feb,11.3954
LOCAL RICE,2000,Feb,12.0294
LOCAL RICE,2001,Feb,27.0693
LOCAL RICE,2002,Feb,25.6
LOCAL RICE,2003,Feb,31.5824
LOCAL RICE,2004,Feb,35.7571
LOCAL RICE,2005,Feb,48.1576
LOCAL RICE,2006,Feb,53.97
LOCAL RICE,2007,Feb,54.61
LOCAL RICE,2008,Feb,66.58
LOCAL RICE,2009,Feb,95.13
LOCAL RICE,2010,Feb,100.54
LOCAL RICE,2011,Feb,105.89
LOCAL RICE,2012,Feb,133.29
LOCAL RICE,2013,Feb,161.82
LOCAL RICE,2014,Feb,170.67
LOCAL RICE,2015,Feb,259.37
LOCAL RICE,2016,Feb,405.06
LOCAL RICE,2017,Feb,391.27
LOCAL RICE,1970,Mar,0.0024
LOCAL RICE,1971,Mar,0.0024
LOCAL RICE,1972,Mar,0.0029
LOCAL RICE,1973,Mar,0.0038
LOCAL RICE,1974,Mar,0.0043
LOCAL RICE,1975,Mar,0.0049
LOCAL RICE,1976,Mar,0.0099
LOCAL RICE,1977,Mar,0.0176
LOCAL RICE,1978,Mar,0.0219
LOCAL RICE,1979,Mar,0.0282
LOCAL RICE,1980,Mar,0.0415
LOCAL RICE,1981,Mar,0.0854
LOCAL RICE,1982,Mar,0.1092
LOCAL RICE,1983,Mar,0.3317
LOCAL RICE,1984,Mar,0.7417
LOCAL RICE,1985,Mar,0.5291
LOCAL RICE,1986,Mar,0.5645
LOCAL RICE,1987,Mar,0.9544
LOCAL RICE,1988,Mar,1.9583
LOCAL RICE,1989,Mar,1.9583
LOCAL RICE,1990,Mar,1.921
LOCAL RICE,1991,Mar,1.9848
LOCAL RICE,1992,Mar,2.0081
LOCAL RICE,1993,Mar,2.5542
LOCAL RICE,1994,Mar,2.9016
LOCAL RICE,1995,Mar,5.1132
LOCAL RICE,1996,Mar,6.8471
LOCAL RICE,1997,Mar,9.8009
LOCAL RICE,1998,Mar,13.2851
LOCAL RICE,1999,Mar,10.8809
LOCAL RICE,2000,Mar,12.1851
LOCAL RICE,2001,Mar,28.9712
LOCAL RICE,2002,Mar,27.11
LOCAL RICE,2003,Mar,28.8786
LOCAL RICE,2004,Mar,38.6303
LOCAL RICE,2005,Mar,51.5385
LOCAL RICE,2006,Mar,51.9
LOCAL RICE,2007,Mar,54.06
LOCAL RICE,2008,Mar,65.14
LOCAL RICE,2009,Mar,101.19
LOCAL RICE,2010,Mar,108.23
LOCAL RICE,2011,Mar,108.32
LOCAL RICE,2012,Mar,130.26
LOCAL RICE,2013,Mar,165
LOCAL RICE,2014,Mar,193.03
LOCAL RICE,2015,Mar,249.27
LOCAL RICE,2016,Mar,409.64
LOCAL RICE,2017,Mar,394.15
LOCAL RICE,1970,Apr,0.0025
LOCAL RICE,1971,Apr,0.0025
LOCAL RICE,1972,Apr,0.003
LOCAL RICE,1973,Apr,0.004
LOCAL RICE,1974,Apr,0.0048
LOCAL RICE,1975,Apr,0.005
LOCAL RICE,1976,Apr,0.0109
LOCAL RICE,1977,Apr,0.0188
LOCAL RICE,1978,Apr,0.0224
LOCAL RICE,1979,Apr,0.0274
LOCAL RICE,1980,Apr,0.0557
LOCAL RICE,1981,Apr,0.1277
LOCAL RICE,1982,Apr,0.0131
LOCAL RICE,1983,Apr,0.5812
LOCAL RICE,1984,Apr,0.7011
LOCAL RICE,1985,Apr,0.5105
LOCAL RICE,1986,Apr,0.5919
LOCAL RICE,1987,Apr,1.0485
LOCAL RICE,1988,Apr,2.2441
LOCAL RICE,1989,Apr,2.2441
LOCAL RICE,1990,Apr,1.925
LOCAL RICE,1991,Apr,1.8078
LOCAL RICE,1992,Apr,2.073
LOCAL RICE,1993,Apr,2.6243
LOCAL RICE,1994,Apr,3.0727
LOCAL RICE,1995,Apr,5.1627
LOCAL RICE,1996,Apr,7.095
LOCAL RICE,1997,Apr,9.7569
LOCAL RICE,1998,Apr,12.925
LOCAL RICE,1999,Apr,11.316
LOCAL RICE,2000,Apr,13.5264
LOCAL RICE,2001,Apr,29.0739
LOCAL RICE,2002,Apr,27.66
LOCAL RICE,2003,Apr,29.5967
LOCAL RICE,2004,Apr,39.0075
LOCAL RICE,2005,Apr,49.77
LOCAL RICE,2006,Apr,56.779
LOCAL RICE,2007,Apr,54.59
LOCAL RICE,2008,Apr,74.23
LOCAL RICE,2009,Apr,102.23
LOCAL RICE,2010,Apr,110.58
LOCAL RICE,2011,Apr,112.12
LOCAL RICE,2012,Apr,143.69
LOCAL RICE,2013,Apr,160.43
LOCAL RICE,2014,Apr,196.48
LOCAL RICE,2015,Apr,275.08
LOCAL RICE,2016,Apr,409.64
LOCAL RICE,2017,Apr,394.64
LOCAL RICE,1970,May,0.0025
LOCAL RICE,1971,May,0.0025
LOCAL RICE,1972,May,0.0036
LOCAL RICE,1973,May,0.0043
LOCAL RICE,1974,May,0.0045
LOCAL RICE,1975,May,0.0051
LOCAL RICE,1976,May,0.0114
LOCAL RICE,1977,May,0.0181
LOCAL RICE,1978,May,0.0242
LOCAL RICE,1979,May,0.0307
LOCAL RICE,1980,May,0.0531
LOCAL RICE,1981,May,0.11
LOCAL RICE,1982,May,0.1824
LOCAL RICE,1983,May,0.7617
LOCAL RICE,1984,May,0.8181
LOCAL RICE,1985,May,0.4486
LOCAL RICE,1986,May,0.576
LOCAL RICE,1987,May,1.1953
LOCAL RICE,1988,May,2.5795
LOCAL RICE,1989,May,2.5795
LOCAL RICE,1990,May,1.8663
LOCAL RICE,1991,May,2.013
LOCAL RICE,1992,May,2.1483
LOCAL RICE,1993,May,2.6911
LOCAL RICE,1994,May,3.1848
LOCAL RICE,1995,May,5.3736
LOCAL RICE,1996,May,7.2555
LOCAL RICE,1997,May,10.0179
LOCAL RICE,1998,May,12.2716
LOCAL RICE,1999,May,11.5756
LOCAL RICE,2000,May,14.3808
LOCAL RICE,2001,May,28.9863
LOCAL RICE,2002,May,28.9303
LOCAL RICE,2003,May,30.06
LOCAL RICE,2004,May,42.2576
LOCAL RICE,2005,May,54.021
LOCAL RICE,2006,May,57.766
LOCAL RICE,2007,May,60.37
LOCAL RICE,2008,May,85.72
LOCAL RICE,2009,May,102.55
LOCAL RICE,2010,May,111.89
LOCAL RICE,2011,May,109.38
LOCAL RICE,2012,May,144.17
LOCAL RICE,2013,May,163.22
LOCAL RICE,2014,May,204.73
LOCAL RICE,2015,May,272.59
LOCAL RICE,2016,May,408.4
LOCAL RICE,2017,May,381.64
LOCAL RICE,1970,Jun,0.0027
LOCAL RICE,1971,Jun,0.0025
LOCAL RICE,1972,Jun,0.0034
LOCAL RICE,1973,Jun,0.0045
LOCAL RICE,1974,Jun,0.0045
LOCAL RICE,1975,Jun,0.0051
LOCAL RICE,1976,Jun,0.0126
LOCAL RICE,1977,Jun,0.0228
LOCAL RICE,1978,Jun,0.023
LOCAL RICE,1979,Jun,0.0396
LOCAL RICE,1980,Jun,0.0662
LOCAL RICE,1981,Jun,0.1171
LOCAL RICE,1982,Jun,0.1662
LOCAL RICE,1983,Jun,0.7194
LOCAL RICE,1984,Jun,0.8363
LOCAL RICE,1985,Jun,0.5157
LOCAL RICE,1986,Jun,0.6354
LOCAL RICE,1987,Jun,1.2219
LOCAL RICE,1988,Jun,2.7012
LOCAL RICE,1989,Jun,2.7012
LOCAL RICE,1990,Jun,1.8337
LOCAL RICE,1991,Jun,1.9706
LOCAL RICE,1992,Jun,2.1539
LOCAL RICE,1993,Jun,2.9381
LOCAL RICE,1994,Jun,3.3889
LOCAL RICE,1995,Jun,5.8822
LOCAL RICE,1996,Jun,7.9879
LOCAL RICE,1997,Jun,10.4764
LOCAL RICE,1998,Jun,11.413
LOCAL RICE,1999,Jun,11.6696
LOCAL RICE,2000,Jun,14.5873
LOCAL RICE,2001,Jun,28.7002
LOCAL RICE,2002,Jun,28.1864
LOCAL RICE,2003,Jun,33.6304
LOCAL RICE,2004,Jun,44.4496
LOCAL RICE,2005,Jun,54.468
LOCAL RICE,2006,Jun,56.5
LOCAL RICE,2007,Jun,59.73
LOCAL RICE,2008,Jun,89
LOCAL RICE,2009,Jun,106.36
LOCAL RICE,2010,Jun,113.48
LOCAL RICE,2011,Jun,121.51
LOCAL RICE,2012,Jun,143.95
LOCAL RICE,2013,Jun,164.8
LOCAL RICE,2014,Jun,199.3
LOCAL RICE,2015,Jun,277.61
LOCAL RICE,2016,Jun,426.94
LOCAL RICE,2017,Jun,407.08
LOCAL RICE,1970,Jul,0.0026
LOCAL RICE,1971,Jul,0.0025
LOCAL RICE,1972,Jul,0.0036
LOCAL RICE,1973,Jul,0.0042
LOCAL RICE,1974,Jul,0.0047
LOCAL RICE,1975,Jul,0.0062
LOCAL RICE,1976,Jul,0.014
LOCAL RICE,1977,Jul,0.0252
LOCAL RICE,1978,Jul,0.0247
LOCAL RICE,1979,Jul,0.0215
LOCAL RICE,1980,Jul,0.0703
LOCAL RICE,1981,Jul,0.0138
LOCAL RICE,1982,Jul,0.3097
LOCAL RICE,1983,Jul,0.8333
LOCAL RICE,1984,Jul,0.8018
LOCAL RICE,1985,Jul,0.5854
LOCAL RICE,1986,Jul,0.6748
LOCAL RICE,1987,Jul,1.3193
LOCAL RICE,1988,Jul,2.2614
LOCAL RICE,1989,Jul,2.2614
LOCAL RICE,1990,Jul,2.05
LOCAL RICE,1991,Jul,2.0151
LOCAL RICE,1992,Jul,2.1253
LOCAL RICE,1993,Jul,2.9152
LOCAL RICE,1994,Jul,3.6906
LOCAL RICE,1995,Jul,6.0809
LOCAL RICE,1996,Jul,8.1053
LOCAL RICE,1997,Jul,10.7655
LOCAL RICE,1998,Jul,10.44
LOCAL RICE,1999,Jul,11.5643
LOCAL RICE,2000,Jul,15.7087
LOCAL RICE,2001,Jul,29.1805
LOCAL RICE,2002,Jul,28.2035
LOCAL RICE,2003,Jul,34.8512
LOCAL RICE,2004,Jul,45.1228
LOCAL RICE,2005,Jul,54.736
LOCAL RICE,2006,Jul,57.4886
LOCAL RICE,2007,Jul,58.08
LOCAL RICE,2008,Jul,100.67
LOCAL RICE,2009,Jul,106.17
LOCAL RICE,2010,Jul,106.02
LOCAL RICE,2011,Jul,123.59
LOCAL RICE,2012,Jul,152
LOCAL RICE,2013,Jul,179.4
LOCAL RICE,2014,Jul,215.2
LOCAL RICE,2015,Jul,278.44
LOCAL RICE,2016,Jul,394.26
LOCAL RICE,2017,Jul,391.39
LOCAL RICE,1970,Aug,0.0027
LOCAL RICE,1971,Aug,0.0025
LOCAL RICE,1972,Aug,0.0035
LOCAL RICE,1973,Aug,0.0046
LOCAL RICE,1974,Aug,0.0047
LOCAL RICE,1975,Aug,0.0067
LOCAL RICE,1976,Aug,0.0144
LOCAL RICE,1977,Aug,0.02
LOCAL RICE,1978,Aug,0.021
LOCAL RICE,1979,Aug,0.0245
LOCAL RICE,1980,Aug,0.0889
LOCAL RICE,1981,Aug,0.2197
LOCAL RICE,1982,Aug,0.3367
LOCAL RICE,1983,Aug,0.8075
LOCAL RICE,1984,Aug,0.664
LOCAL RICE,1985,Aug,0.5844
LOCAL RICE,1986,Aug,0.1094
LOCAL RICE,1987,Aug,1.1071
LOCAL RICE,1988,Aug,1.8882
LOCAL RICE,1989,Aug,1.8882
LOCAL RICE,1990,Aug,1.8944
LOCAL RICE,1991,Aug,2.003
LOCAL RICE,1992,Aug,2.1088
LOCAL RICE,1993,Aug,2.9663
LOCAL RICE,1994,Aug,3.7378
LOCAL RICE,1995,Aug,5.8581
LOCAL RICE,1996,Aug,8.8156
LOCAL RICE,1997,Aug,10.55
LOCAL RICE,1998,Aug,10.343
LOCAL RICE,1999,Aug,11.8218
LOCAL RICE,2000,Aug,16.1547
LOCAL RICE,2001,Aug,26
LOCAL RICE,2002,Aug,27.1822
LOCAL RICE,2003,Aug,32.2132
LOCAL RICE,2004,Aug,46.6572
LOCAL RICE,2005,Aug,56.328
LOCAL RICE,2006,Aug,55.05
LOCAL RICE,2007,Aug,60.17
LOCAL RICE,2008,Aug,101.56
LOCAL RICE,2009,Aug,103.86
LOCAL RICE,2010,Aug,107.54
LOCAL RICE,2011,Aug,127.34
LOCAL RICE,2012,Aug,154
LOCAL RICE,2013,Aug,176.84
LOCAL RICE,2014,Aug,236.9
LOCAL RICE,2015,Aug,255.18
LOCAL RICE,2016,Aug,421.08
LOCAL RICE,2017,Aug,390.84
LOCAL RICE,1970,Sep,0.0024
LOCAL RICE,1971,Sep,0.0027
LOCAL RICE,1972,Sep,0.0038
LOCAL RICE,1973,Sep,0.0044
LOCAL RICE,1974,Sep,0.0045
LOCAL RICE,1975,Sep,0.0072
LOCAL RICE,1976,Sep,0.0174
LOCAL RICE,1977,Sep,0.0167
LOCAL RICE,1978,Sep,0.0308
LOCAL RICE,1979,Sep,0.0273
LOCAL RICE,1980,Sep,0.0933
LOCAL RICE,1981,Sep,0.1559
LOCAL RICE,1982,Sep,0.2584
LOCAL RICE,1983,Sep,0.7683
LOCAL RICE,1984,Sep,0.5756
LOCAL RICE,1985,Sep,0.5552
LOCAL RICE,1986,Sep,0.8155
LOCAL RICE,1987,Sep,1.0751
LOCAL RICE,1988,Sep,1.6837
LOCAL RICE,1989,Sep,1.6837
LOCAL RICE,1990,Sep,1.8379
LOCAL RICE,1991,Sep,1.9383
LOCAL RICE,1992,Sep,2.2727
LOCAL RICE,1993,Sep,2.8468
LOCAL RICE,1994,Sep,3.8453
LOCAL RICE,1995,Sep,5.6986
LOCAL RICE,1996,Sep,9.2497
LOCAL RICE,1997,Sep,11.2004
LOCAL RICE,1998,Sep,10
LOCAL RICE,1999,Sep,11.7668
LOCAL RICE,2000,Sep,20.5526
LOCAL RICE,2001,Sep,26.5567
LOCAL RICE,2002,Sep,26.7176
LOCAL RICE,2003,Sep,33.5101
LOCAL RICE,2004,Sep,47.8167
LOCAL RICE,2005,Sep,52.605
LOCAL RICE,2006,Sep,55.0875
LOCAL RICE,2007,Sep,60.84
LOCAL RICE,2008,Sep,100.04
LOCAL RICE,2009,Sep,105.88
LOCAL RICE,2010,Sep,104.66
LOCAL RICE,2011,Sep,125.74
LOCAL RICE,2012,Sep,155.5
LOCAL RICE,2013,Sep,155.74
LOCAL RICE,2014,Sep,245.33
LOCAL RICE,2015,Sep,282.88
LOCAL RICE,2016,Sep,416.52
LOCAL RICE,2017,Sep,398.84
LOCAL RICE,1970,Oct,0.0025
LOCAL RICE,1971,Oct,0.0027
LOCAL RICE,1972,Oct,0.0043
LOCAL RICE,1973,Oct,0.0042
LOCAL RICE,1974,Oct,0.0046
LOCAL RICE,1975,Oct,0.0075
LOCAL RICE,1976,Oct,0.0164
LOCAL RICE,1977,Oct,0.0152
LOCAL RICE,1978,Oct,0.0254
LOCAL RICE,1979,Oct,0.0289
LOCAL RICE,1980,Oct,0.0685
LOCAL RICE,1981,Oct,0.1714
LOCAL RICE,1982,Oct,0.2857
LOCAL RICE,1983,Oct,0.6244
LOCAL RICE,1984,Oct,0.4382
LOCAL RICE,1985,Oct,0.5461
LOCAL RICE,1986,Oct,0.8153
LOCAL RICE,1987,Oct,1.0949
LOCAL RICE,1988,Oct,1.3406
LOCAL RICE,1989,Oct,1.3406
LOCAL RICE,1990,Oct,1.5352
LOCAL RICE,1991,Oct,1.9253
LOCAL RICE,1992,Oct,2.2694
LOCAL RICE,1993,Oct,2.916
LOCAL RICE,1994,Oct,3.9277
LOCAL RICE,1995,Oct,5.9281
LOCAL RICE,1996,Oct,9.5148
LOCAL RICE,1997,Oct,11.5364
LOCAL RICE,1998,Oct,10.2
LOCAL RICE,1999,Oct,12.0433
LOCAL RICE,2000,Oct,18.75
LOCAL RICE,2001,Oct,12.458
LOCAL RICE,2002,Oct,29.0583
LOCAL RICE,2003,Oct,33.7904
LOCAL RICE,2004,Oct,46.7
LOCAL RICE,2005,Oct,52.314
LOCAL RICE,2006,Oct,52.2
LOCAL RICE,2007,Oct,58.02
LOCAL RICE,2008,Oct,101.64
LOCAL RICE,2009,Oct,110.8
LOCAL RICE,2010,Oct,103.48
LOCAL RICE,2011,Oct,130
LOCAL RICE,2012,Oct,154.8
LOCAL RICE,2013,Oct,159.8
LOCAL RICE,2014,Oct,260
LOCAL RICE,2015,Oct,272.65
LOCAL RICE,2016,Oct,456.64
LOCAL RICE,2017,Oct,440.88
LOCAL RICE,1970,Nov,0.0024
LOCAL RICE,1971,Nov,0.0028
LOCAL RICE,1972,Nov,0.0038
LOCAL RICE,1973,Nov,0.004
LOCAL RICE,1974,Nov,0.0047
LOCAL RICE,1975,Nov,0.0086
LOCAL RICE,1976,Nov,0.0164
LOCAL RICE,1977,Nov,0.0144
LOCAL RICE,1978,Nov,0.0293
LOCAL RICE,1979,Nov,0.0275
LOCAL RICE,1980,Nov,0.0514
LOCAL RICE,1981,Nov,0.1473
LOCAL RICE,1982,Nov,0.2401
LOCAL RICE,1983,Nov,0.6717
LOCAL RICE,1984,Nov,0.4591
LOCAL RICE,1985,Nov,0.5085
LOCAL RICE,1986,Nov,0.7734
LOCAL RICE,1987,Nov,0.9968
LOCAL RICE,1988,Nov,1.5677
LOCAL RICE,1989,Nov,1.9677
LOCAL RICE,1990,Nov,1.8695
LOCAL RICE,1991,Nov,1.8969
LOCAL RICE,1992,Nov,2.2502
LOCAL RICE,1993,Nov,2.7603
LOCAL RICE,1994,Nov,4.2261
LOCAL RICE,1995,Nov,5.9294
LOCAL RICE,1996,Nov,9.4039
LOCAL RICE,1997,Nov,11.5364
LOCAL RICE,1998,Nov,10.8
LOCAL RICE,1999,Nov,12.272
LOCAL RICE,2000,Nov,25.2435
LOCAL RICE,2001,Nov,21.6445
LOCAL RICE,2002,Nov,29.1246
LOCAL RICE,2003,Nov,34.5991
LOCAL RICE,2004,Nov,44.3
LOCAL RICE,2005,Nov,55.9
LOCAL RICE,2006,Nov,54.2552
LOCAL RICE,2007,Nov,62.04
LOCAL RICE,2008,Nov,98.58
LOCAL RICE,2009,Nov,109.8
LOCAL RICE,2010,Nov,106.7
LOCAL RICE,2011,Nov,132.57
LOCAL RICE,2012,Nov,155.4
LOCAL RICE,2013,Nov,171.3
LOCAL RICE,2014,Nov,262.48
LOCAL RICE,2015,Nov,230
LOCAL RICE,2016,Nov,450.5
LOCAL RICE,2017,Nov,461.21
LOCAL RICE,1970,Dec,0.0025
LOCAL RICE,1971,Dec,0.0028
LOCAL RICE,1972,Dec,0.004
LOCAL RICE,1973,Dec,0.0042
LOCAL RICE,1974,Dec,0.005
LOCAL RICE,1975,Dec,0.009
LOCAL RICE,1976,Dec,0.0155
LOCAL RICE,1977,Dec,0.0185
LOCAL RICE,1978,Dec,0.0286
LOCAL RICE,1979,Dec,0.0294
LOCAL RICE,1980,Dec,0.061
LOCAL RICE,1981,Dec,0.1075
LOCAL RICE,1982,Dec,0.2277
LOCAL RICE,1983,Dec,0.6225
LOCAL RICE,1984,Dec,0.4718
LOCAL RICE,1985,Dec,0.4287
LOCAL RICE,1986,Dec,0.7394
LOCAL RICE,1987,Dec,0.9684
LOCAL RICE,1988,Dec,1.8023
LOCAL RICE,1989,Dec,1.8223
LOCAL RICE,1990,Dec,1.8408
LOCAL RICE,1991,Dec,1.8933
LOCAL RICE,1992,Dec,2.1435
LOCAL RICE,1993,Dec,2.6974
LOCAL RICE,1994,Dec,4.658
LOCAL RICE,1995,Dec,5.9
LOCAL RICE,1996,Dec,9.1986
LOCAL RICE,1997,Dec,11.5364
LOCAL RICE,1998,Dec,10
LOCAL RICE,1999,Dec,11.4443
LOCAL RICE,2000,Dec,25.6625
LOCAL RICE,2001,Dec,22.5417
LOCAL RICE,2002,Dec,29.1855
LOCAL RICE,2003,Dec,32.2214
LOCAL RICE,2004,Dec,42.8
LOCAL RICE,2005,Dec,53.3431
LOCAL RICE,2006,Dec,57.7725
LOCAL RICE,2007,Dec,61.61
LOCAL RICE,2008,Dec,97.5
LOCAL RICE,2009,Dec,106.04
LOCAL RICE,2010,Dec,114.63
LOCAL RICE,2011,Dec,135.61
LOCAL RICE,2012,Dec,154.95
LOCAL RICE,2013,Dec,163.3
LOCAL RICE,2014,Dec,276.23
LOCAL RICE,2015,Dec,250.29
LOCAL RICE,2016,Dec,501.06
LOCAL RICE,2017,Dec,450.59
MAIZE,1970,Jan,0.0011
MAIZE,1971,Jan,0.0011
MAIZE,1972,Jan,0.0014
MAIZE,1973,Jan,0.0017
MAIZE,1974,Jan,0.0018
MAIZE,1975,Jan,0.002
MAIZE,1976,Jan,0.0037
MAIZE,1977,Jan,0.0087
MAIZE,1978,Jan,0.012
MAIZE,1979,Jan,0.0142
MAIZE,1980,Jan,0.0229
MAIZE,1981,Jan,0.0605
MAIZE,1982,Jan,0.0656
MAIZE,1983,Jan,0.1442
MAIZE,1984,Jan,0.3446
MAIZE,1985,Jan,0.1648
MAIZE,1986,Jan,0.2583
MAIZE,1987,Jan,0.3728
MAIZE,1988,Jan,0.6151
MAIZE,1989,Jan,0.5532
MAIZE,1990,Jan,0.5243
MAIZE,1991,Jan,1.0782
MAIZE,1992,Jan,0.7801
MAIZE,1993,Jan,1.1351
MAIZE,1994,Jan,1.089
MAIZE,1995,Jan,2.0992
MAIZE,1996,Jan,2.5505
MAIZE,1997,Jan,5.1967
MAIZE,1998,Jan,7.1
MAIZE,1999,Jan,4.5074
MAIZE,2000,Jan,5.614
MAIZE,2001,Jan,12.9032
MAIZE,2002,Jan,14.4488
MAIZE,2003,Jan,13.9759
MAIZE,2004,Jan,18.1431
MAIZE,2005,Jan,24.965
MAIZE,2006,Jan,28
MAIZE,2007,Jan,22.76
MAIZE,2008,Jan,32.57
MAIZE,2009,Jan,51.24
MAIZE,2010,Jan,48.76
MAIZE,2011,Jan,51.26
MAIZE,2012,Jan,89.58
MAIZE,2013,Jan,74.8
MAIZE,2014,Jan,83.3
MAIZE,2015,Jan,118.57
MAIZE,2016,Jan,152.33
MAIZE,2017,Jan,123.72
MAIZE,1970,Feb,0.0012
MAIZE,1971,Feb,0.0011
MAIZE,1972,Feb,0.0016
MAIZE,1973,Feb,0.0017
MAIZE,1974,Feb,0.0019
MAIZE,1975,Feb,0.0021
MAIZE,1976,Feb,0.0039
MAIZE,1977,Feb,0.0094
MAIZE,1978,Feb,0.0129
MAIZE,1979,Feb,0.0176
MAIZE,1980,Feb,0.0223
MAIZE,1981,Feb,0.0639
MAIZE,1982,Feb,0.0555
MAIZE,1983,Feb,0.382
MAIZE,1984,Feb,0.3288
MAIZE,1985,Feb,0.163
MAIZE,1986,Feb,0.2985
MAIZE,1987,Feb,0.376
MAIZE,1988,Feb,0.7121
MAIZE,1989,Feb,0.5857
MAIZE,1990,Feb,0.5636
MAIZE,1991,Feb,1.0856
MAIZE,1992,Feb,0.8554
MAIZE,1993,Feb,1.1715
MAIZE,1994,Feb,1.1388
MAIZE,1995,Feb,2.3043
MAIZE,1996,Feb,2.6583
MAIZE,1997,Feb,5.6263
MAIZE,1998,Feb,7.234
MAIZE,1999,Feb,4.4271
MAIZE,2000,Feb,5.7331
MAIZE,2001,Feb,13.2424
MAIZE,2002,Feb,14.052
MAIZE,2003,Feb,14.191
MAIZE,2004,Feb,17.3731
MAIZE,2005,Feb,27.383
MAIZE,2006,Feb,26.72
MAIZE,2007,Feb,24.54
MAIZE,2008,Feb,34.38
MAIZE,2009,Feb,55.99
MAIZE,2010,Feb,49.61
MAIZE,2011,Feb,52.32
MAIZE,2012,Feb,93.9
MAIZE,2013,Feb,77.3
MAIZE,2014,Feb,83.54
MAIZE,2015,Feb,116.2
MAIZE,2016,Feb,158.54
MAIZE,2017,Feb,123.29
MAIZE,1970,Mar,0.0012
MAIZE,1971,Mar,0.0012
MAIZE,1972,Mar,0.0018
MAIZE,1973,Mar,0.0019
MAIZE,1974,Mar,0.002
MAIZE,1975,Mar,0.0022
MAIZE,1976,Mar,0.0038
MAIZE,1977,Mar,0.0096
MAIZE,1978,Mar,0.0133
MAIZE,1979,Mar,0.0149
MAIZE,1980,Mar,0.0256
MAIZE,1981,Mar,0.071
MAIZE,1982,Mar,0.0555
MAIZE,1983,Mar,0.2878
MAIZE,1984,Mar,0.3227
MAIZE,1985,Mar,0.1608
MAIZE,1986,Mar,0.3407
MAIZE,1987,Mar,0.458
MAIZE,1988,Mar,0.9035
MAIZE,1989,Mar,0.6539
MAIZE,1990,Mar,0.5952
MAIZE,1991,Mar,1.1694
MAIZE,1992,Mar,1.0077
MAIZE,1993,Mar,1.1657
MAIZE,1994,Mar,1.2527
MAIZE,1995,Mar,2.635
MAIZE,1996,Mar,2.8019
MAIZE,1997,Mar,6.1763
MAIZE,1998,Mar,7.259
MAIZE,1999,Mar,4.5076
MAIZE,2000,Mar,7.3567
MAIZE,2001,Mar,14.6851
MAIZE,2002,Mar,14.1575
MAIZE,2003,Mar,14.6931
MAIZE,2004,Mar,18.0837
MAIZE,2005,Mar,30.678
MAIZE,2006,Mar,24.4
MAIZE,2007,Mar,25.95
MAIZE,2008,Mar,38.66
MAIZE,2009,Mar,55.68
MAIZE,2010,Mar,50.31
MAIZE,2011,Mar,52.62
MAIZE,2012,Mar,85.63
MAIZE,2013,Mar,76.95
MAIZE,2014,Mar,88.71
MAIZE,2015,Mar,116.61
MAIZE,2016,Mar,163.05
MAIZE,2017,Mar,129.81
MAIZE,1970,Apr,0.0013
MAIZE,1971,Apr,0.0013
MAIZE,1972,Apr,0.0023
MAIZE,1973,Apr,0.0023
MAIZE,1974,Apr,0.0022
MAIZE,1975,Apr,0.0024
MAIZE,1976,Apr,0.0043
MAIZE,1977,Apr,0.0108
MAIZE,1978,Apr,0.0123
MAIZE,1979,Apr,0.0177
MAIZE,1980,Apr,0.0327
MAIZE,1981,Apr,0.0862
MAIZE,1982,Apr,0.0569
MAIZE,1983,Apr,0.543
MAIZE,1984,Apr,0.3755
MAIZE,1985,Apr,0.2083
MAIZE,1986,Apr,0.3967
MAIZE,1987,Apr,0.5256
MAIZE,1988,Apr,0.9017
MAIZE,1989,Apr,0.6745
MAIZE,1990,Apr,0.7539
MAIZE,1991,Apr,1.2758
MAIZE,1992,Apr,1.1708
MAIZE,1993,Apr,1.2594
MAIZE,1994,Apr,1.3412
MAIZE,1995,Apr,2.9638
MAIZE,1996,Apr,2.801
MAIZE,1997,Apr,7.8737
MAIZE,1998,Apr,7.206
MAIZE,1999,Apr,4.5785
MAIZE,2000,Apr,9.4507
MAIZE,2001,Apr,17.7704
MAIZE,2002,Apr,14.6083
MAIZE,2003,Apr,14.165
MAIZE,2004,Apr,19.1008
MAIZE,2005,Apr,36.62
MAIZE,2006,Apr,25.6
MAIZE,2007,Apr,27.89
MAIZE,2008,Apr,43.76
MAIZE,2009,Apr,58.21
MAIZE,2010,Apr,50.1
MAIZE,2011,Apr,56.99
MAIZE,2012,Apr,95.1
MAIZE,2013,Apr,72
MAIZE,2014,Apr,94.65
MAIZE,2015,Apr,125.4
MAIZE,2016,Apr,159.32
MAIZE,2017,Apr,136.37
MAIZE,1970,May,0.0014
MAIZE,1971,May,0.0014
MAIZE,1972,May,0.0024
MAIZE,1973,May,0.0025
MAIZE,1974,May,0.0022
MAIZE,1975,May,0.0027
MAIZE,1976,May,0.0056
MAIZE,1977,May,0.0179
MAIZE,1978,May,0.012
MAIZE,1979,May,0.021
MAIZE,1980,May,0.0405
MAIZE,1981,May,0.1015
MAIZE,1982,May,0.0903
MAIZE,1983,May,0.6842
MAIZE,1984,May,0.3361
MAIZE,1985,May,0.2215
MAIZE,1986,May,0.3865
MAIZE,1987,May,0.604
MAIZE,1988,May,0.9847
MAIZE,1989,May,0.695
MAIZE,1990,May,0.9469
MAIZE,1991,May,1.1935
MAIZE,1992,May,1.1996
MAIZE,1993,May,1.3357
MAIZE,1994,May,1.5547
MAIZE,1995,May,3.0658
MAIZE,1996,May,3.0213
MAIZE,1997,May,7.7852
MAIZE,1998,May,6.4344
MAIZE,1999,May,4.6082
MAIZE,2000,May,10.7994
MAIZE,2001,May,18.7155
MAIZE,2002,May,15.3736
MAIZE,2003,May,15.4432
MAIZE,2004,May,20.3933
MAIZE,2005,May,43.253
MAIZE,2006,May,27.4
MAIZE,2007,May,28.37
MAIZE,2008,May,56.37
MAIZE,2009,May,65.55
MAIZE,2010,May,52.37
MAIZE,2011,May,67.94
MAIZE,2012,May,110.35
MAIZE,2013,May,77.4
MAIZE,2014,May,107.09
MAIZE,2015,May,142.04
MAIZE,2016,May,164.85
MAIZE,2017,May,160.8
MAIZE,1970,Jun,0.0013
MAIZE,1971,Jun,0.0014
MAIZE,1972,Jun,0.0025
MAIZE,1973,Jun,0.0024
MAIZE,1974,Jun,0.0021
MAIZE,1975,Jun,0.0029
MAIZE,1976,Jun,0.0068
MAIZE,1977,Jun,0.0184
MAIZE,1978,Jun,0.0138
MAIZE,1979,Jun,0.0229
MAIZE,1980,Jun,0.0589
MAIZE,1981,Jun,0.103
MAIZE,1982,Jun,0.0921
MAIZE,1983,Jun,0.7846
MAIZE,1984,Jun,0.3161
MAIZE,1985,Jun,0.2198
MAIZE,1986,Jun,0.4383
MAIZE,1987,Jun,0.787
MAIZE,1988,Jun,0.9373
MAIZE,1989,Jun,0.6067
MAIZE,1990,Jun,1.0099
MAIZE,1991,Jun,1.1509
MAIZE,1992,Jun,1.2996
MAIZE,1993,Jun,1.2807
MAIZE,1994,Jun,1.6596
MAIZE,1995,Jun,3.2972
MAIZE,1996,Jun,3.6222
MAIZE,1997,Jun,7.75
MAIZE,1998,Jun,6.651
MAIZE,1999,Jun,4.3818
MAIZE,2000,Jun,10.8726
MAIZE,2001,Jun,18.1484
MAIZE,2002,Jun,16.2075
MAIZE,2003,Jun,17.6314
MAIZE,2004,Jun,21.6554
MAIZE,2005,Jun,45.031
MAIZE,2006,Jun,27.335
MAIZE,2007,Jun,29.09
MAIZE,2008,Jun,59.98
MAIZE,2009,Jun,69.64
MAIZE,2010,Jun,54.93
MAIZE,2011,Jun,71.4
MAIZE,2012,Jun,114.26
MAIZE,2013,Jun,78.92
MAIZE,2014,Jun,107.88
MAIZE,2015,Jun,150.94
MAIZE,2016,Jun,169.6
MAIZE,2017,Jun,145.18
MAIZE,1970,Jul,0.0013
MAIZE,1971,Jul,0.0013
MAIZE,1972,Jul,0.0018
MAIZE,1973,Jul,0.0021
MAIZE,1974,Jul,0.002
MAIZE,1975,Jul,0.0027
MAIZE,1976,Jul,0.0074
MAIZE,1977,Jul,0.0155
MAIZE,1978,Jul,0.0141
MAIZE,1979,Jul,0.0174
MAIZE,1980,Jul,0.0622
MAIZE,1981,Jul,0.0874
MAIZE,1982,Jul,0.1027
MAIZE,1983,Jul,0.5258
MAIZE,1984,Jul,0.2092
MAIZE,1985,Jul,0.2479
MAIZE,1986,Jul,0.3725
MAIZE,1987,Jul,0.5834
MAIZE,1988,Jul,0.7783
MAIZE,1989,Jul,0.5633
MAIZE,1990,Jul,1.4104
MAIZE,1991,Jul,1.046
MAIZE,1992,Jul,1.3119
MAIZE,1993,Jul,1.2061
MAIZE,1994,Jul,1.6642
MAIZE,1995,Jul,2.8629
MAIZE,1996,Jul,3.5293
MAIZE,1997,Jul,7.2994
MAIZE,1998,Jul,6.077
MAIZE,1999,Jul,4.9287
MAIZE,2000,Jul,11.7888
MAIZE,2001,Jul,18.9489
MAIZE,2002,Jul,15.1494
MAIZE,2003,Jul,17.2207
MAIZE,2004,Jul,24.7258
MAIZE,2005,Jul,41.918
MAIZE,2006,Jul,24.814
MAIZE,2007,Jul,30.52
MAIZE,2008,Jul,68.85
MAIZE,2009,Jul,61.06
MAIZE,2010,Jul,52.62
MAIZE,2011,Jul,76.95
MAIZE,2012,Jul,100.26
MAIZE,2013,Jul,77.22
MAIZE,2014,Jul,122.28
MAIZE,2015,Jul,169.01
MAIZE,2016,Jul,157.73
MAIZE,2017,Jul,144.44
MAIZE,1970,Aug,0.0012
MAIZE,1971,Aug,0.001
MAIZE,1972,Aug,0.0012
MAIZE,1973,Aug,0.0015
MAIZE,1974,Aug,0.0021
MAIZE,1975,Aug,0.0021
MAIZE,1976,Aug,0.0059
MAIZE,1977,Aug,0.0165
MAIZE,1978,Aug,0.0132
MAIZE,1979,Aug,0.0141
MAIZE,1980,Aug,0.0396
MAIZE,1981,Aug,0.0824
MAIZE,1982,Aug,0.0794
MAIZE,1983,Aug,0.2736
MAIZE,1984,Aug,0.139
MAIZE,1985,Aug,0.1974
MAIZE,1986,Aug,0.288
MAIZE,1987,Aug,0.5221
MAIZE,1988,Aug,0.4952
MAIZE,1989,Aug,0.4691
MAIZE,1990,Aug,1.0062
MAIZE,1991,Aug,0.725
MAIZE,1992,Aug,0.9185
MAIZE,1993,Aug,0.9962
MAIZE,1994,Aug,1.3854
MAIZE,1995,Aug,1.8787
MAIZE,1996,Aug,3.4567
MAIZE,1997,Aug,5.6811
MAIZE,1998,Aug,5.981
MAIZE,1999,Aug,4.602
MAIZE,2000,Aug,11.7457
MAIZE,2001,Aug,18.2
MAIZE,2002,Aug,12.7034
MAIZE,2003,Aug,15.4361
MAIZE,2004,Aug,23.5942
MAIZE,2005,Aug,33.5445
MAIZE,2006,Aug,21.72
MAIZE,2007,Aug,25.92
MAIZE,2008,Aug,50.74
MAIZE,2009,Aug,43.15
MAIZE,2010,Aug,48.57
MAIZE,2011,Aug,77.9
MAIZE,2012,Aug,88.9
MAIZE,2013,Aug,74
MAIZE,2014,Aug,116.43
MAIZE,2015,Aug,156.05
MAIZE,2016,Aug,148.44
MAIZE,2017,Aug,139.22
MAIZE,1970,Sep,0.0009
MAIZE,1971,Sep,0.001
MAIZE,1972,Sep,0.0011
MAIZE,1973,Sep,0.0014
MAIZE,1974,Sep,0.002
MAIZE,1975,Sep,0.0019
MAIZE,1976,Sep,0.0053
MAIZE,1977,Sep,0.0083
MAIZE,1978,Sep,0.0124
MAIZE,1979,Sep,0.0175
MAIZE,1980,Sep,0.0485
MAIZE,1981,Sep,0.0512
MAIZE,1982,Sep,0.0731
MAIZE,1983,Sep,0.2129
MAIZE,1984,Sep,0.0955
MAIZE,1985,Sep,0.1636
MAIZE,1986,Sep,0.242
MAIZE,1987,Sep,0.473
MAIZE,1988,Sep,0.4397
MAIZE,1989,Sep,0.3696
MAIZE,1990,Sep,0.6974
MAIZE,1991,Sep,0.6169
MAIZE,1992,Sep,0.76
MAIZE,1993,Sep,0.8229
MAIZE,1994,Sep,1.2094
MAIZE,1995,Sep,1.5941
MAIZE,1996,Sep,3.0198
MAIZE,1997,Sep,4.8857
MAIZE,1998,Sep,4.4534
MAIZE,1999,Sep,3.7666
MAIZE,2000,Sep,8.3546
MAIZE,2001,Sep,9.7845
MAIZE,2002,Sep,10.2985
MAIZE,2003,Sep,12.9746
MAIZE,2004,Sep,20.8844
MAIZE,2005,Sep,28.525
MAIZE,2006,Sep,18.1234
MAIZE,2007,Sep,24.76
MAIZE,2008,Sep,41.15
MAIZE,2009,Sep,43.15
MAIZE,2010,Sep,43.1
MAIZE,2011,Sep,67.78
MAIZE,2012,Sep,79.43
MAIZE,2013,Sep,65.94
MAIZE,2014,Sep,109.44
MAIZE,2015,Sep,139.74
MAIZE,2016,Sep,136.1
MAIZE,2017,Sep,134.72
MAIZE,1970,Oct,0.0009
MAIZE,1971,Oct,0.001
MAIZE,1972,Oct,0.0013
MAIZE,1973,Oct,0.0014
MAIZE,1974,Oct,0.0022
MAIZE,1975,Oct,0.0032
MAIZE,1976,Oct,0.0063
MAIZE,1977,Oct,0.0079
MAIZE,1978,Oct,0.0144
MAIZE,1979,Oct,0.0167
MAIZE,1980,Oct,0.0383
MAIZE,1981,Oct,0.0701
MAIZE,1982,Oct,0.0844
MAIZE,1983,Oct,0.246
MAIZE,1984,Oct,0.1209
MAIZE,1985,Oct,0.1865
MAIZE,1986,Oct,0.283
MAIZE,1987,Oct,0.5406
MAIZE,1988,Oct,0.4305
MAIZE,1989,Oct,0.3777
MAIZE,1990,Oct,0.6977
MAIZE,1991,Oct,0.6397
MAIZE,1992,Oct,0.7579
MAIZE,1993,Oct,0.8586
MAIZE,1994,Oct,1.2701
MAIZE,1995,Oct,1.9095
MAIZE,1996,Oct,3.5195
MAIZE,1997,Oct,5.472
MAIZE,1998,Oct,3.6049
MAIZE,1999,Oct,3.9433
MAIZE,2000,Oct,8.1037
MAIZE,2001,Oct,10.27
MAIZE,2002,Oct,10.254
MAIZE,2003,Oct,13.1777
MAIZE,2004,Oct,20.3
MAIZE,2005,Oct,28.502
MAIZE,2006,Oct,16.58
MAIZE,2007,Oct,24.63
MAIZE,2008,Oct,45.64
MAIZE,2009,Oct,46.17
MAIZE,2010,Oct,44.39
MAIZE,2011,Oct,58.12
MAIZE,2012,Oct,74.6
MAIZE,2013,Oct,69.6
MAIZE,2014,Oct,109.8
MAIZE,2015,Oct,144.21
MAIZE,2016,Oct,120.68
MAIZE,2017,Oct,139.9
MAIZE,1970,Nov,0.0011
MAIZE,1971,Nov,0.0012
MAIZE,1972,Nov,0.0016
MAIZE,1973,Nov,0.0016
MAIZE,1974,Nov,0.002
MAIZE,1975,Nov,0.003
MAIZE,1976,Nov,0.0074
MAIZE,1977,Nov,0.0094
MAIZE,1978,Nov,0.0163
MAIZE,1979,Nov,0.0151
MAIZE,1980,Nov,0.0431
MAIZE,1981,Nov,0.0877
MAIZE,1982,Nov,0.0962
MAIZE,1983,Nov,0.2426
MAIZE,1984,Nov,0.1078
MAIZE,1985,Nov,0.2896
MAIZE,1986,Nov,0.3248
MAIZE,1987,Nov,0.596
MAIZE,1988,Nov,0.4971
MAIZE,1989,Nov,0.4682
MAIZE,1990,Nov,1.0597
MAIZE,1991,Nov,0.6476
MAIZE,1992,Nov,0.9654
MAIZE,1993,Nov,1.0081
MAIZE,1994,Nov,1.5206
MAIZE,1995,Nov,2.4096
MAIZE,1996,Nov,3.9019
MAIZE,1997,Nov,6.4022
MAIZE,1998,Nov,4.3214
MAIZE,1999,Nov,5.0167
MAIZE,2000,Nov,11.6648
MAIZE,2001,Nov,12.458
MAIZE,2002,Nov,11.2837
MAIZE,2003,Nov,14.9593
MAIZE,2004,Nov,23.7
MAIZE,2005,Nov,30.679
MAIZE,2006,Nov,18.0514
MAIZE,2007,Nov,30.47
MAIZE,2008,Nov,41.71
MAIZE,2009,Nov,49.38
MAIZE,2010,Nov,45.36
MAIZE,2011,Nov,65
MAIZE,2012,Nov,68.4
MAIZE,2013,Nov,73.74
MAIZE,2014,Nov,112.71
MAIZE,2015,Nov,153.83
MAIZE,2016,Nov,124.55
MAIZE,2017,Nov,139.11
MAIZE,1970,Dec,0.0011
MAIZE,1971,Dec,0.0013
MAIZE,1972,Dec,0.001
MAIZE,1973,Dec,0.0016
MAIZE,1974,Dec,0.0021
MAIZE,1975,Dec,0.0028
MAIZE,1976,Dec,0.0079
MAIZE,1977,Dec,0.0102
MAIZE,1978,Dec,0.0143
MAIZE,1979,Dec,0.011
MAIZE,1980,Dec,0.0619
MAIZE,1981,Dec,0.0633
MAIZE,1982,Dec,0.105
MAIZE,1983,Dec,0.3024
MAIZE,1984,Dec,0.1088
MAIZE,1985,Dec,0.2342
MAIZE,1986,Dec,0.3435
MAIZE,1987,Dec,0.6259
MAIZE,1988,Dec,0.5354
MAIZE,1989,Dec,0.4877
MAIZE,1990,Dec,1.0938
MAIZE,1991,Dec,0.6928
MAIZE,1992,Dec,1.0306
MAIZE,1993,Dec,1.0461
MAIZE,1994,Dec,1.55
MAIZE,1995,Dec,2.63
MAIZE,1996,Dec,4.4947
MAIZE,1997,Dec,7.0424
MAIZE,1998,Dec,4.8488
MAIZE,1999,Dec,4.9159
MAIZE,2000,Dec,10.9118
MAIZE,2001,Dec,15.069
MAIZE,2002,Dec,12.4646
MAIZE,2003,Dec,15.7704
MAIZE,2004,Dec,26.3
MAIZE,2005,Dec,27.873
MAIZE,2006,Dec,21.2074
MAIZE,2007,Dec,30.38
MAIZE,2008,Dec,48.58
MAIZE,2009,Dec,45.33
MAIZE,2010,Dec,49.71
MAIZE,2011,Dec,80.54
MAIZE,2012,Dec,75.4
MAIZE,2013,Dec,82.8
MAIZE,2014,Dec,119.51
MAIZE,2015,Dec,153.56
MAIZE,2016,Dec,120.42
MAIZE,2017,Dec,142.95
MILLET,1970,Jan,0.0015
MILLET,1971,Jan,0.0017
MILLET,1972,Jan,0.0016
MILLET,1973,Jan,0.0021
MILLET,1974,Jan,0.0027
MILLET,1975,Jan,0.0027
MILLET,1976,Jan,0.0045
MILLET,1977,Jan,0.0108
MILLET,1978,Jan,0.017
MILLET,1979,Jan,0.023
MILLET,1980,Jan,0.0271
MILLET,1981,Jan,0.0709
MILLET,1982,Jan,0.077
MILLET,1983,Jan,0.1453
MILLET,1984,Jan,0.5154
MILLET,1985,Jan,0.2521
MILLET,1986,Jan,0.3275
MILLET,1987,Jan,0.3727
MILLET,1988,Jan,0.6424
MILLET,1989,Jan,0.8951
MILLET,1990,Jan,0.8752
MILLET,1991,Jan,1.3694
MILLET,1992,Jan,1.1844
MILLET,1993,Jan,1.569
MILLET,1994,Jan,1.6166
MILLET,1995,Jan,2.1248
MILLET,1996,Jan,3.3436
MILLET,1997,Jan,5.8915
MILLET,1998,Jan,6.835
MILLET,1999,Jan,7.7788
MILLET,2000,Jan,7.5292
MILLET,2001,Jan,16.6025
MILLET,2002,Jan,18.7097
MILLET,2003,Jan,20.6468
MILLET,2004,Jan,21.3018
MILLET,2005,Jan,30.162
MILLET,2006,Jan,41
MILLET,2007,Jan,36.96
MILLET,2008,Jan,44.9
MILLET,2009,Jan,66.66
MILLET,2010,Jan,74.47
MILLET,2011,Jan,76.59
MILLET,2012,Jan,99.4
MILLET,2013,Jan,134
MILLET,2014,Jan,133.1
MILLET,2015,Jan,171.37
MILLET,2016,Jan,169.74
MILLET,2017,Jan,183.72
MILLET,1970,Feb,0.0014
MILLET,1971,Feb,0.0017
MILLET,1972,Feb,0.0017
MILLET,1973,Feb,0.0021
MILLET,1974,Feb,0.0029
MILLET,1975,Feb,0.0029
MILLET,1976,Feb,0.0047
MILLET,1977,Feb,0.0107
MILLET,1978,Feb,0.0165
MILLET,1979,Feb,0.0247
MILLET,1980,Feb,0.0297
MILLET,1981,Feb,0.0706
MILLET,1982,Feb,0.0953
MILLET,1983,Feb,0.1608
MILLET,1984,Feb,0.4379
MILLET,1985,Feb,0.3214
MILLET,1986,Feb,0.3182
MILLET,1987,Feb,0.376
MILLET,1988,Feb,0.7709
MILLET,1989,Feb,1.1712
MILLET,1990,Feb,0.8155
MILLET,1991,Feb,1.3066
MILLET,1992,Feb,1.396
MILLET,1993,Feb,1.6731
MILLET,1994,Feb,1.6074
MILLET,1995,Feb,2.3779
MILLET,1996,Feb,3.4731
MILLET,1997,Feb,6.024
MILLET,1998,Feb,7.7906
MILLET,1999,Feb,7.6362
MILLET,2000,Feb,7.5741
MILLET,2001,Feb,17.6783
MILLET,2002,Feb,19.5125
MILLET,2003,Feb,21.0713
MILLET,2004,Feb,21.0936
MILLET,2005,Feb,31.213
MILLET,2006,Feb,40.935
MILLET,2007,Feb,35.85
MILLET,2008,Feb,46.2
MILLET,2009,Feb,68.38
MILLET,2010,Feb,74.7
MILLET,2011,Feb,76.31
MILLET,2012,Feb,99.85
MILLET,2013,Feb,137.7
MILLET,2014,Feb,130.84
MILLET,2015,Feb,172.79
MILLET,2016,Feb,171.49
MILLET,2017,Feb,183.16
MILLET,1970,Mar,0.0014
MILLET,1971,Mar,0.0017
MILLET,1972,Mar,0.0019
MILLET,1973,Mar,0.0021
MILLET,1974,Mar,0.0027
MILLET,1975,Mar,0.0028
MILLET,1976,Mar,0.0051
MILLET,1977,Mar,0.0109
MILLET,1978,Mar,0.0173
MILLET,1979,Mar,0.0221
MILLET,1980,Mar,0.0361
MILLET,1981,Mar,0.0712
MILLET,1982,Mar,0.0794
MILLET,1983,Mar,0.2292
MILLET,1984,Mar,0.4683
MILLET,1985,Mar,0.2919
MILLET,1986,Mar,0.343
MILLET,1987,Mar,0.438
MILLET,1988,Mar,0.9156
MILLET,1989,Mar,1.1735
MILLET,1990,Mar,0.7977
MILLET,1991,Mar,1.4043
MILLET,1992,Mar,1.4787
MILLET,1993,Mar,1.6413
MILLET,1994,Mar,1.7686
MILLET,1995,Mar,2.6468
MILLET,1996,Mar,3.5125
MILLET,1997,Mar,6.1642
MILLET,1998,Mar,7.4915
MILLET,1999,Mar,8.4896
MILLET,2000,Mar,7.7793
MILLET,2001,Mar,17.5445
MILLET,2002,Mar,19.9918
MILLET,2003,Mar,21.2123
MILLET,2004,Mar,22.6241
MILLET,2005,Mar,34.407
MILLET,2006,Mar,41.743
MILLET,2007,Mar,34.66
MILLET,2008,Mar,51.95
MILLET,2009,Mar,69.44
MILLET,2010,Mar,76.84
MILLET,2011,Mar,75.52
MILLET,2012,Mar,95.6
MILLET,2013,Mar,136.4
MILLET,2014,Mar,129.94
MILLET,2015,Mar,157.49
MILLET,2016,Mar,179.33
MILLET,2017,Mar,190.27
MILLET,1970,Apr,0.0016
MILLET,1971,Apr,0.0018
MILLET,1972,Apr,0.0019
MILLET,1973,Apr,0.0024
MILLET,1974,Apr,0.003
MILLET,1975,Apr,0.0027
MILLET,1976,Apr,0.0055
MILLET,1977,Apr,0.0163
MILLET,1978,Apr,0.0186
MILLET,1979,Apr,0.0237
MILLET,1980,Apr,0.0378
MILLET,1981,Apr,0.0845
MILLET,1982,Apr,0.0932
MILLET,1983,Apr,0.4182
MILLET,1984,Apr,0.5055
MILLET,1985,Apr,0.2852
MILLET,1986,Apr,0.3641
MILLET,1987,Apr,0.5256
MILLET,1988,Apr,0.996
MILLET,1989,Apr,1.1439
MILLET,1990,Apr,0.9582
MILLET,1991,Apr,1.4947
MILLET,1992,Apr,1.4668
MILLET,1993,Apr,1.6886
MILLET,1994,Apr,1.7882
MILLET,1995,Apr,2.8212
MILLET,1996,Apr,3.4793
MILLET,1997,Apr,6.7175
MILLET,1998,Apr,8.3917
MILLET,1999,Apr,7.6821
MILLET,2000,Apr,8.6067
MILLET,2001,Apr,19.3421
MILLET,2002,Apr,20.4927
MILLET,2003,Apr,20.7697
MILLET,2004,Apr,22.009
MILLET,2005,Apr,37.127
MILLET,2006,Apr,38.614
MILLET,2007,Apr,36.78
MILLET,2008,Apr,52.87
MILLET,2009,Apr,70.31
MILLET,2010,Apr,77.38
MILLET,2011,Apr,78.27
MILLET,2012,Apr,107.96
MILLET,2013,Apr,138
MILLET,2014,Apr,134.79
MILLET,2015,Apr,165.81
MILLET,2016,Apr,168.9
MILLET,2017,Apr,187.66
MILLET,1970,May,0.0017
MILLET,1971,May,0.0018
MILLET,1972,May,0.0018
MILLET,1973,May,0.0024
MILLET,1974,May,0.003
MILLET,1975,May,0.0028
MILLET,1976,May,0.0061
MILLET,1977,May,0.0167
MILLET,1978,May,0.02
MILLET,1979,May,0.0235
MILLET,1980,May,0.0419
MILLET,1981,May,0.087
MILLET,1982,May,0.1184
MILLET,1983,May,0.5383
MILLET,1984,May,0.4621
MILLET,1985,May,0.2775
MILLET,1986,May,0.3864
MILLET,1987,May,0.604
MILLET,1988,May,1.006
MILLET,1989,May,1.1142
MILLET,1990,May,0.9457
MILLET,1991,May,1.4808
MILLET,1992,May,1.5225
MILLET,1993,May,1.7179
MILLET,1994,May,1.8346
MILLET,1995,May,2.816
MILLET,1996,May,3.611
MILLET,1997,May,7.5221
MILLET,1998,May,9.0354
MILLET,1999,May,7.0038
MILLET,2000,May,8.9875
MILLET,2001,May,21.577
MILLET,2002,May,21.1319
MILLET,2003,May,20.1901
MILLET,2004,May,23.9693
MILLET,2005,May,40.909
MILLET,2006,May,41.843
MILLET,2007,May,35.33
MILLET,2008,May,61.05
MILLET,2009,May,73.85
MILLET,2010,May,76.62
MILLET,2011,May,82.94
MILLET,2012,May,113.95
MILLET,2013,May,140.6
MILLET,2014,May,139.99
MILLET,2015,May,168.09
MILLET,2016,May,171.45
MILLET,2017,May,203.52
MILLET,1970,Jun,0.0017
MILLET,1971,Jun,0.0018
MILLET,1972,Jun,0.0021
MILLET,1973,Jun,0.0023
MILLET,1974,Jun,0.0031
MILLET,1975,Jun,0.0027
MILLET,1976,Jun,0.0071
MILLET,1977,Jun,0.025
MILLET,1978,Jun,0.0204
MILLET,1979,Jun,0.023
MILLET,1980,Jun,0.0515
MILLET,1981,Jun,0.0907
MILLET,1982,Jun,0.1252
MILLET,1983,Jun,0.5594
MILLET,1984,Jun,0.5168
MILLET,1985,Jun,0.2943
MILLET,1986,Jun,0.4383
MILLET,1987,Jun,0.787
MILLET,1988,Jun,1.1105
MILLET,1989,Jun,1.1083
MILLET,1990,Jun,0.9525
MILLET,1991,Jun,1.464
MILLET,1992,Jun,1.5354
MILLET,1993,Jun,1.6717
MILLET,1994,Jun,1.85
MILLET,1995,Jun,3.0669
MILLET,1996,Jun,4.2802
MILLET,1997,Jun,7.2394
MILLET,1998,Jun,9.3
MILLET,1999,Jun,6.56
MILLET,2000,Jun,9.1654
MILLET,2001,Jun,21.9562
MILLET,2002,Jun,20.7719
MILLET,2003,Jun,23.5967
MILLET,2004,Jun,22.744
MILLET,2005,Jun,46.567
MILLET,2006,Jun,43.54
MILLET,2007,Jun,36.25
MILLET,2008,Jun,62.79
MILLET,2009,Jun,81.63
MILLET,2010,Jun,81.83
MILLET,2011,Jun,81.68
MILLET,2012,Jun,111.54
MILLET,2013,Jun,138.1
MILLET,2014,Jun,145.43
MILLET,2015,Jun,187.88
MILLET,2016,Jun,179.73
MILLET,2017,Jun,199.3
MILLET,1970,Jul,0.0017
MILLET,1971,Jul,0.0018
MILLET,1972,Jul,0.0021
MILLET,1973,Jul,0.0026
MILLET,1974,Jul,0.0032
MILLET,1975,Jul,0.0027
MILLET,1976,Jul,0.0083
MILLET,1977,Jul,0.017
MILLET,1978,Jul,0.0163
MILLET,1979,Jul,0.0209
MILLET,1980,Jul,0.0587
MILLET,1981,Jul,0.0905
MILLET,1982,Jul,0.1454
MILLET,1983,Jul,0.675
MILLET,1984,Jul,0.47
MILLET,1985,Jul,0.3601
MILLET,1986,Jul,0.4231
MILLET,1987,Jul,0.5835
MILLET,1988,Jul,1.1535
MILLET,1989,Jul,1.0959
MILLET,1990,Jul,1.3926
MILLET,1991,Jul,1.4471
MILLET,1992,Jul,1.4673
MILLET,1993,Jul,1.8938
MILLET,1994,Jul,1.8293
MILLET,1995,Jul,3.5352
MILLET,1996,Jul,4.4508
MILLET,1997,Jul,7.4468
MILLET,1998,Jul,9.086
MILLET,1999,Jul,7.4312
MILLET,2000,Jul,9.5748
MILLET,2001,Jul,22.35
MILLET,2002,Jul,20.0438
MILLET,2003,Jul,22.6589
MILLET,2004,Jul,24.7891
MILLET,2005,Jul,47.802
MILLET,2006,Jul,42.865
MILLET,2007,Jul,38.08
MILLET,2008,Jul,66
MILLET,2009,Jul,78.2
MILLET,2010,Jul,78.76
MILLET,2011,Jul,88.82
MILLET,2012,Jul,116.64
MILLET,2013,Jul,140.1
MILLET,2014,Jul,151.04
MILLET,2015,Jul,193.96
MILLET,2016,Jul,175.44
MILLET,2017,Jul,203.01
MILLET,1970,Aug,0.0016
MILLET,1971,Aug,0.0018
MILLET,1972,Aug,0.002
MILLET,1973,Aug,0.003
MILLET,1974,Aug,0.0031
MILLET,1975,Aug,0.0027
MILLET,1976,Aug,0.0074
MILLET,1977,Aug,0.0197
MILLET,1978,Aug,0.0194
MILLET,1979,Aug,0.0208
MILLET,1980,Aug,0.0722
MILLET,1981,Aug,0.0866
MILLET,1982,Aug,0.1726
MILLET,1983,Aug,0.5772
MILLET,1984,Aug,0.4307
MILLET,1985,Aug,0.3725
MILLET,1986,Aug,0.4413
MILLET,1987,Aug,0.5221
MILLET,1988,Aug,1.0909
MILLET,1989,Aug,1.1241
MILLET,1990,Aug,1.1438
MILLET,1991,Aug,1.4627
MILLET,1992,Aug,1.4192
MILLET,1993,Aug,1.7925
MILLET,1994,Aug,1.8601
MILLET,1995,Aug,3.3701
MILLET,1996,Aug,4.7169
MILLET,1997,Aug,7.3971
MILLET,1998,Aug,9.888
MILLET,1999,Aug,7.0407
MILLET,2000,Aug,11.13411
MILLET,2001,Aug,23
MILLET,2002,Aug,21.7014
MILLET,2003,Aug,22.0157
MILLET,2004,Aug,26.3697
MILLET,2005,Aug,48.316
MILLET,2006,Aug,42.578
MILLET,2007,Aug,37.37
MILLET,2008,Aug,66.77
MILLET,2009,Aug,78.87
MILLET,2010,Aug,80.06
MILLET,2011,Aug,91.8
MILLET,2012,Aug,118.7
MILLET,2013,Aug,138.5
MILLET,2014,Aug,163.1
MILLET,2015,Aug,183.49
MILLET,2016,Aug,172.44
MILLET,2017,Aug,215.88
MILLET,1970,Sep,0.0017
MILLET,1971,Sep,0.0018
MILLET,1972,Sep,0.002
MILLET,1973,Sep,0.0031
MILLET,1974,Sep,0.0029
MILLET,1975,Sep,0.0029
MILLET,1976,Sep,0.0094
MILLET,1977,Sep,0.0135
MILLET,1978,Sep,0.0207
MILLET,1979,Sep,0.0193
MILLET,1980,Sep,0.0604
MILLET,1981,Sep,0.0858
MILLET,1982,Sep,0.1407
MILLET,1983,Sep,0.5
MILLET,1984,Sep,0.4578
MILLET,1985,Sep,0.4324
MILLET,1986,Sep,0.4622
MILLET,1987,Sep,0.473
MILLET,1988,Sep,1.0695
MILLET,1989,Sep,1.1534
MILLET,1990,Sep,1.0815
MILLET,1991,Sep,1.4887
MILLET,1992,Sep,1.5967
MILLET,1993,Sep,1.6924
MILLET,1994,Sep,1.7713
MILLET,1995,Sep,3.4191
MILLET,1996,Sep,4.6624
MILLET,1997,Sep,7.4867
MILLET,1998,Sep,9.44
MILLET,1999,Sep,7.2442
MILLET,2000,Sep,11.654
MILLET,2001,Sep,23.1112
MILLET,2002,Sep,21.4728
MILLET,2003,Sep,22.1544
MILLET,2004,Sep,27.5438
MILLET,2005,Sep,46.94
MILLET,2006,Sep,40.0973
MILLET,2007,Sep,33.67
MILLET,2008,Sep,67.49
MILLET,2009,Sep,74.75
MILLET,2010,Sep,75.31
MILLET,2011,Sep,87.14
MILLET,2012,Sep,122.73
MILLET,2013,Sep,123.2
MILLET,2014,Sep,173.03
MILLET,2015,Sep,183.5
MILLET,2016,Sep,171.44
MILLET,2017,Sep,231.76
MILLET,1970,Oct,0.0017
MILLET,1971,Oct,0.0017
MILLET,1972,Oct,0.0021
MILLET,1973,Oct,0.0029
MILLET,1974,Oct,0.0029
MILLET,1975,Oct,0.003
MILLET,1976,Oct,0.0097
MILLET,1977,Oct,0.0173
MILLET,1978,Oct,0.0171
MILLET,1979,Oct,0.0213
MILLET,1980,Oct,0.0584
MILLET,1981,Oct,0.0948
MILLET,1982,Oct,0.1427
MILLET,1983,Oct,0.65
MILLET,1984,Oct,0.4368
MILLET,1985,Oct,0.3363
MILLET,1986,Oct,0.4388
MILLET,1987,Oct,0.5406
MILLET,1988,Oct,0.4305
MILLET,1989,Oct,1.0603
MILLET,1990,Oct,1.2401
MILLET,1991,Oct,1.5009
MILLET,1992,Oct,1.4826
MILLET,1993,Oct,1.8119
MILLET,1994,Oct,1.8737
MILLET,1995,Oct,3.3935
MILLET,1996,Oct,5.0594
MILLET,1997,Oct,7.693
MILLET,1998,Oct,9.5
MILLET,1999,Oct,7.159
MILLET,2000,Oct,11.717
MILLET,2001,Oct,23.3
MILLET,2002,Oct,22.4589
MILLET,2003,Oct,21.7
MILLET,2004,Oct,28.5
MILLET,2005,Oct,47.95
MILLET,2006,Oct,37.37
MILLET,2007,Oct,40.58
MILLET,2008,Oct,68.31
MILLET,2009,Oct,77.44
MILLET,2010,Oct,76.75
MILLET,2011,Oct,83.17
MILLET,2012,Oct,133.87
MILLET,2013,Oct,127.2
MILLET,2014,Oct,170.66
MILLET,2015,Oct,181.37
MILLET,2016,Oct,188.49
MILLET,2017,Oct,243.37
MILLET,1970,Nov,0.0016
MILLET,1971,Nov,0.0017
MILLET,1972,Nov,0.0023
MILLET,1973,Nov,0.0027
MILLET,1974,Nov,0.0028
MILLET,1975,Nov,0.0032
MILLET,1976,Nov,0.0088
MILLET,1977,Nov,0.0167
MILLET,1978,Nov,0.019
MILLET,1979,Nov,0.0223
MILLET,1980,Nov,0.0551
MILLET,1981,Nov,0.1281
MILLET,1982,Nov,0.1436
MILLET,1983,Nov,0.61
MILLET,1984,Nov,0.3983
MILLET,1985,Nov,0.3374
MILLET,1986,Nov,0.5386
MILLET,1987,Nov,0.596
MILLET,1988,Nov,0.4971
MILLET,1989,Nov,0.9476
MILLET,1990,Nov,1.4719
MILLET,1991,Nov,1.4413
MILLET,1992,Nov,1.5093
MILLET,1993,Nov,1.8126
MILLET,1994,Nov,2.1587
MILLET,1995,Nov,3.5035
MILLET,1996,Nov,5.3694
MILLET,1997,Nov,6.3083
MILLET,1998,Nov,9.12
MILLET,1999,Nov,5.0167
MILLET,2000,Nov,15.4117
MILLET,2001,Nov,24.561
MILLET,2002,Nov,23.0412
MILLET,2003,Nov,19.9012
MILLET,2004,Nov,29.4
MILLET,2005,Nov,49.333
MILLET,2006,Nov,35.363
MILLET,2007,Nov,41.52
MILLET,2008,Nov,71.14
MILLET,2009,Nov,75.31
MILLET,2010,Nov,71.1
MILLET,2011,Nov,85.47
MILLET,2012,Nov,142.9
MILLET,2013,Nov,124.3
MILLET,2014,Nov,164.8
MILLET,2015,Nov,191.15
MILLET,2016,Nov,198.78
MILLET,2017,Nov,249.55
MILLET,1970,Dec,0.0017
MILLET,1971,Dec,0.0017
MILLET,1972,Dec,0.0022
MILLET,1973,Dec,0.0028
MILLET,1974,Dec,0.003
MILLET,1975,Dec,0.0034
MILLET,1976,Dec,0.0099
MILLET,1977,Dec,0.0167
MILLET,1978,Dec,0.0205
MILLET,1979,Dec,0.0227
MILLET,1980,Dec,0.0657
MILLET,1981,Dec,0.093
MILLET,1982,Dec,0.1689
MILLET,1983,Dec,0.3737
MILLET,1984,Dec,0.2234
MILLET,1985,Dec,0.3575
MILLET,1986,Dec,0.3435
MILLET,1987,Dec,0.6259
MILLET,1988,Dec,0.8225
MILLET,1989,Dec,0.8866
MILLET,1990,Dec,1.4719
MILLET,1991,Dec,1.3746
MILLET,1992,Dec,1.4996
MILLET,1993,Dec,1.7053
MILLET,1994,Dec,2.0701
MILLET,1995,Dec,3.5575
MILLET,1996,Dec,5.3457
MILLET,1997,Dec,8.0115
MILLET,1998,Dec,8.75
MILLET,1999,Dec,7.6843
MILLET,2000,Dec,16.2327
MILLET,2001,Dec,25.5
MILLET,2002,Dec,21.7561
MILLET,2003,Dec,19.6338
MILLET,2004,Dec,30.6
MILLET,2005,Dec,40.744
MILLET,2006,Dec,39.6927
MILLET,2007,Dec,44.42
MILLET,2008,Dec,67.96
MILLET,2009,Dec,75.63
MILLET,2010,Dec,73.97
MILLET,2011,Dec,90.66
MILLET,2012,Dec,139
MILLET,2013,Dec,148.33
MILLET,2014,Dec,175.94
MILLET,2015,Dec,191.56
MILLET,2016,Dec,193.21
MILLET,2017,Dec,247.63
SORGHUM,1970,JANUARY,0.0015
SORGHUM,1971,JANUARY,0.0016
SORGHUM,1972,JANUARY,0.0015
SORGHUM,1973,JANUARY,0.003
SORGHUM,1974,JANUARY,0.0026
SORGHUM,1975,JANUARY,0.0027
SORGHUM,1976,JANUARY,0.0047
SORGHUM,1977,JANUARY,0.0112
SORGHUM,1978,JANUARY,0.0182
SORGHUM,1979,JANUARY,0.021
SORGHUM,1980,JANUARY,0.0275
SORGHUM,1981,JANUARY,0.0622
SORGHUM,1982,JANUARY,0.0705
SORGHUM,1983,JANUARY,1.5058
SORGHUM,1984,JANUARY,0.5462
SORGHUM,1985,JANUARY,0.2246
SORGHUM,1986,JANUARY,0.2533
SORGHUM,1987,JANUARY,0.3875
SORGHUM,1988,JANUARY,0.5834
SORGHUM,1989,JANUARY,0.7349
SORGHUM,1990,JANUARY,0.8595
SORGHUM,1991,JANUARY,1.2187
SORGHUM,1992,JANUARY,1.115
SORGHUM,1993,JANUARY,1.617
SORGHUM,1994,JANUARY,1.5157
SORGHUM,1995,JANUARY,2.102
SORGHUM,1996,JANUARY,3.4779
SORGHUM,1997,JANUARY,5.1689
SORGHUM,1998,JANUARY,6.5325
SORGHUM,1999,JANUARY,7.1591
SORGHUM,2000,JANUARY,6.4562
SORGHUM,2001,JANUARY,16
SORGHUM,2002,JANUARY,20.3783
SORGHUM,2003,JANUARY,19.8869
SORGHUM,2004,JANUARY,32.4276
SORGHUM,2005,JANUARY,30.402
SORGHUM,2006,JANUARY,39.56
SORGHUM,2007,JANUARY,34.63
SORGHUM,2008,JANUARY,39.32
SORGHUM,2009,JANUARY,66
SORGHUM,2010,JANUARY,71.45
SORGHUM,2011,JANUARY,74.47
SORGHUM,2012,JANUARY,101.54
SORGHUM,2013,JANUARY,120.8
SORGHUM,2014,JANUARY,122.79
SORGHUM,2015,JANUARY,169.53
SORGHUM,2016,JANUARY,152.2
SORGHUM,2017,JANUARY,184.1
SORGHUM,1970,FEBRUARY,0.0014
SORGHUM,1971,FEBRUARY,0.0017
SORGHUM,1972,FEBRUARY,0.0016
SORGHUM,1973,FEBRUARY,0.002
SORGHUM,1974,FEBRUARY,0.0026
SORGHUM,1975,FEBRUARY,0.0027
SORGHUM,1976,FEBRUARY,0.0049
SORGHUM,1977,FEBRUARY,0.01
SORGHUM,1978,FEBRUARY,0.012
SORGHUM,1979,FEBRUARY,0.0196
SORGHUM,1980,FEBRUARY,0.0501
SORGHUM,1981,FEBRUARY,0.0586
SORGHUM,1982,FEBRUARY,0.0714
SORGHUM,1983,FEBRUARY,0.175
SORGHUM,1984,FEBRUARY,0.4441
SORGHUM,1985,FEBRUARY,0.2411
SORGHUM,1986,FEBRUARY,0.2847
SORGHUM,1987,FEBRUARY,0.403
SORGHUM,1988,FEBRUARY,0.7364
SORGHUM,1989,FEBRUARY,0.9117
SORGHUM,1990,FEBRUARY,0.8358
SORGHUM,1991,FEBRUARY,1.2471
SORGHUM,1992,FEBRUARY,1.2927
SORGHUM,1993,FEBRUARY,1.6522
SORGHUM,1994,FEBRUARY,1.6078
SORGHUM,1995,FEBRUARY,2.4675
SORGHUM,1996,FEBRUARY,3.4173
SORGHUM,1997,FEBRUARY,5.326
SORGHUM,1998,FEBRUARY,6.8897
SORGHUM,1999,FEBRUARY,7.0171
SORGHUM,2000,FEBRUARY,7.5741
SORGHUM,2001,FEBRUARY,17.1116
SORGHUM,2002,FEBRUARY,18.9832
SORGHUM,2003,FEBRUARY,20.456
SORGHUM,2004,FEBRUARY,21.5521
SORGHUM,2005,FEBRUARY,31.373
SORGHUM,2006,FEBRUARY,37.329
SORGHUM,2007,FEBRUARY,34.86
SORGHUM,2008,FEBRUARY,42.48
SORGHUM,2009,FEBRUARY,68.22
SORGHUM,2010,FEBRUARY,70.33
SORGHUM,2011,FEBRUARY,73.91
SORGHUM,2012,FEBRUARY,106.12
SORGHUM,2013,FEBRUARY,124.6
SORGHUM,2014,FEBRUARY,128.95
SORGHUM,2015,FEBRUARY,211.31
SORGHUM,2016,FEBRUARY,157.74
SORGHUM,2017,FEBRUARY,179.28
SORGHUM,1970,MARCH,0.0014
SORGHUM,1971,MARCH,0.0015
SORGHUM,1972,MARCH,0.0017
SORGHUM,1973,MARCH,0.0023
SORGHUM,1974,MARCH,0.0027
SORGHUM,1975,MARCH,0.0029
SORGHUM,1976,MARCH,0.0049
SORGHUM,1977,MARCH,0.0098
SORGHUM,1978,MARCH,0.0115
SORGHUM,1979,MARCH,0.0199
SORGHUM,1980,MARCH,0.0376
SORGHUM,1981,MARCH,0.0702
SORGHUM,1982,MARCH,0.0752
SORGHUM,1983,MARCH,0.2218
SORGHUM,1984,MARCH,0.4609
SORGHUM,1985,MARCH,0.2797
SORGHUM,1986,MARCH,0.3106
SORGHUM,1987,MARCH,0.4449
SORGHUM,1988,MARCH,0.8324
SORGHUM,1989,MARCH,0.9804
SORGHUM,1990,MARCH,0.8384
SORGHUM,1991,MARCH,1.3049
SORGHUM,1992,MARCH,1.3929
SORGHUM,1993,MARCH,1.7279
SORGHUM,1994,MARCH,1.7135
SORGHUM,1995,MARCH,2.7127
SORGHUM,1996,MARCH,3.3646
SORGHUM,1997,MARCH,5.9907
SORGHUM,1998,MARCH,7.3675
SORGHUM,1999,MARCH,6.5718
SORGHUM,2000,MARCH,7.0759
SORGHUM,2001,MARCH,17.4535
SORGHUM,2002,MARCH,19.9131
SORGHUM,2003,MARCH,19.826
SORGHUM,2004,MARCH,21.9477
SORGHUM,2005,MARCH,32.923
SORGHUM,2006,MARCH,36.39
SORGHUM,2007,MARCH,31.18
SORGHUM,2008,MARCH,48.65
SORGHUM,2009,MARCH,66.36
SORGHUM,2010,MARCH,75.33
SORGHUM,2011,MARCH,80.76
SORGHUM,2012,MARCH,100.41
SORGHUM,2013,MARCH,127.6
SORGHUM,2014,MARCH,125.27
SORGHUM,2015,MARCH,160.45
SORGHUM,2016,MARCH,163.14
SORGHUM,2017,MARCH,184.11
SORGHUM,1970,APRIL,0.0015
SORGHUM,1971,APRIL,0.0018
SORGHUM,1972,APRIL,0.0018
SORGHUM,1973,APRIL,0.0023
SORGHUM,1974,APRIL,0.0029
SORGHUM,1975,APRIL,0.0028
SORGHUM,1976,APRIL,0.0056
SORGHUM,1977,APRIL,0.015
SORGHUM,1978,APRIL,0.0181
SORGHUM,1979,APRIL,0.0195
SORGHUM,1980,APRIL,0.04
SORGHUM,1981,APRIL,0.0878
SORGHUM,1982,APRIL,0.0848
SORGHUM,1983,APRIL,0.3794
SORGHUM,1984,APRIL,0.5037
SORGHUM,1985,APRIL,0.2343
SORGHUM,1986,APRIL,0.3558
SORGHUM,1987,APRIL,0.4526
SORGHUM,1988,APRIL,0.9281
SORGHUM,1989,APRIL,0.9708
SORGHUM,1990,APRIL,0.922
SORGHUM,1991,APRIL,1.447
SORGHUM,1992,APRIL,1.2812
SORGHUM,1993,APRIL,1.7447
SORGHUM,1994,APRIL,1.7638
SORGHUM,1995,APRIL,2.9277
SORGHUM,1996,APRIL,3.5497
SORGHUM,1997,APRIL,6.2758
SORGHUM,1998,APRIL,6.54
SORGHUM,1999,APRIL,6.8186
SORGHUM,2000,APRIL,8.5562
SORGHUM,2001,APRIL,18.0916
SORGHUM,2002,APRIL,21.4273
SORGHUM,2003,APRIL,20.5632
SORGHUM,2004,APRIL,22.5554
SORGHUM,2005,APRIL,36.9995
SORGHUM,2006,APRIL,37.542
SORGHUM,2007,APRIL,35.43
SORGHUM,2008,APRIL,49.81
SORGHUM,2009,APRIL,68.18
SORGHUM,2010,APRIL,73.41
SORGHUM,2011,APRIL,81.45
SORGHUM,2012,APRIL,100.79
SORGHUM,2013,APRIL,125.9
SORGHUM,2014,APRIL,125.27
SORGHUM,2015,APRIL,160.07
SORGHUM,2016,APRIL,161.38
SORGHUM,2017,APRIL,187.6
SORGHUM,1970,MAY,0.0016
SORGHUM,1971,MAY,0.0018
SORGHUM,1972,MAY,0.0019
SORGHUM,1973,MAY,0.0024
SORGHUM,1974,MAY,0.0029
SORGHUM,1975,MAY,0.0028
SORGHUM,1976,MAY,0.0061
SORGHUM,1977,MAY,0.0145
SORGHUM,1978,MAY,0.0197
SORGHUM,1979,MAY,0.0227
SORGHUM,1980,MAY,0.0421
SORGHUM,1981,MAY,0.0806
SORGHUM,1982,MAY,0.1143
SORGHUM,1983,MAY,0.5808
SORGHUM,1984,MAY,0.4567
SORGHUM,1985,MAY,0.2699
SORGHUM,1986,MAY,0.3643
SORGHUM,1987,MAY,0.6242
SORGHUM,1988,MAY,0.8667
SORGHUM,1989,MAY,0.9612
SORGHUM,1990,MAY,0.8534
SORGHUM,1991,MAY,1.3919
SORGHUM,1992,MAY,1.3821
SORGHUM,1993,MAY,1.727
SORGHUM,1994,MAY,1.8007
SORGHUM,1995,MAY,2.9223
SORGHUM,1996,MAY,3.7639
SORGHUM,1997,MAY,6.8965
SORGHUM,1998,MAY,7.5904
SORGHUM,1999,MAY,6.8234
SORGHUM,2000,MAY,8.1285
SORGHUM,2001,MAY,19.75
SORGHUM,2002,MAY,21.831
SORGHUM,2003,MAY,20.4796
SORGHUM,2004,MAY,22.6591
SORGHUM,2005,MAY,40.901
SORGHUM,2006,MAY,38.44
SORGHUM,2007,MAY,34.22
SORGHUM,2008,MAY,56.43
SORGHUM,2009,MAY,68.89
SORGHUM,2010,MAY,75.6
SORGHUM,2011,MAY,81.37
SORGHUM,2012,MAY,104.1
SORGHUM,2013,MAY,130.43
SORGHUM,2014,MAY,147.25
SORGHUM,2015,MAY,"158,83"
SORGHUM,2016,MAY,166.77
SORGHUM,2017,MAY,197.44
SORGHUM,1970,JUNE,0.0016
SORGHUM,1971,JUNE,0.0018
SORGHUM,1972,JUNE,0.0023
SORGHUM,1973,JUNE,0.0026
SORGHUM,1974,JUNE,0.0029
SORGHUM,1975,JUNE,0.0028
SORGHUM,1976,JUNE,0.0069
SORGHUM,1977,JUNE,0.022
SORGHUM,1978,JUNE,0.0193
SORGHUM,1979,JUNE,0.0219
SORGHUM,1980,JUNE,0.0517
SORGHUM,1981,JUNE,0.0857
SORGHUM,1982,JUNE,0.1176
SORGHUM,1983,JUNE,0.5861
SORGHUM,1984,JUNE,0.459
SORGHUM,1985,JUNE,0.2549
SORGHUM,1986,JUNE,0.4402
SORGHUM,1987,JUNE,0.5914
SORGHUM,1988,JUNE,1.0117
SORGHUM,1989,JUNE,1.012
SORGHUM,1990,JUNE,1.0115
SORGHUM,1991,JUNE,1.3827
SORGHUM,1992,JUNE,1.5249
SORGHUM,1993,JUNE,1.6648
SORGHUM,1994,JUNE,1.7876
SORGHUM,1995,JUNE,3.0313
SORGHUM,1996,JUNE,4.3201
SORGHUM,1997,JUNE,6.8141
SORGHUM,1998,JUNE,8
SORGHUM,1999,JUNE,6.097
SORGHUM,2000,JUNE,8.1156
SORGHUM,2001,JUNE,20.6
SORGHUM,2002,JUNE,20.6406
SORGHUM,2003,JUNE,21.561
SORGHUM,2004,JUNE,21.908
SORGHUM,2005,JUNE,44.243
SORGHUM,2006,JUNE,38.88
SORGHUM,2007,JUNE,34.74
SORGHUM,2008,JUNE,61.6
SORGHUM,2009,JUNE,75.05
SORGHUM,2010,JUNE,76.92
SORGHUM,2011,JUNE,83.55
SORGHUM,2012,JUNE,111.25
SORGHUM,2013,JUNE,128.5
SORGHUM,2014,JUNE,139.72
SORGHUM,2015,JUNE,167.44
SORGHUM,2016,JUNE,167.19
SORGHUM,2017,JUNE,194.26
SORGHUM,1970,JULY,0.0017
SORGHUM,1971,JULY,0.0017
SORGHUM,1972,JULY,0.0019
SORGHUM,1973,JULY,0.0028
SORGHUM,1974,JULY,0.003
SORGHUM,1975,JULY,0.0027
SORGHUM,1976,JULY,0.0081
SORGHUM,1977,JULY,0.02
SORGHUM,1978,JULY,0.0212
SORGHUM,1979,JULY,0.0195
SORGHUM,1980,JULY,0.0674
SORGHUM,1981,JULY,0.0882
SORGHUM,1982,JULY,0.1358
SORGHUM,1983,JULY,0.6922
SORGHUM,1984,JULY,0.5154
SORGHUM,1985,JULY,0.2541
SORGHUM,1986,JULY,0.4312
SORGHUM,1987,JULY,0.6187
SORGHUM,1988,JULY,0.0845
SORGHUM,1989,JULY,0.9707
SORGHUM,1990,JULY,1.1552
SORGHUM,1991,JULY,1.4159
SORGHUM,1992,JULY,1.5705
SORGHUM,1993,JULY,1.8234
SORGHUM,1994,JULY,1.7784
SORGHUM,1995,JULY,3.3093
SORGHUM,1996,JULY,4.4825
SORGHUM,1997,JULY,6.6775
SORGHUM,1998,JULY,9.5585
SORGHUM,1999,JULY,7.1291
SORGHUM,2000,JULY,0.925
SORGHUM,2001,JULY,20.667
SORGHUM,2002,JULY,21.6693
SORGHUM,2003,JULY,20.7307
SORGHUM,2004,JULY,24.9224
SORGHUM,2005,JULY,46.62
SORGHUM,2006,JULY,28.8137
SORGHUM,2007,JULY,34.97
SORGHUM,2008,JULY,66.26
SORGHUM,2009,JULY,73.85
SORGHUM,2010,JULY,77.71
SORGHUM,2011,JULY,86.96
SORGHUM,2012,JULY,108
SORGHUM,2013,JULY,130.74
SORGHUM,2014,JULY,148.97
SORGHUM,2015,JULY,188.77
SORGHUM,2016,JULY,158.22
SORGHUM,2017,JULY,187.57
SORGHUM,1970,AUGUST,0.0016
SORGHUM,1971,AUGUST,0.0018
SORGHUM,1972,AUGUST,0.0019
SORGHUM,1973,AUGUST,0.003
SORGHUM,1974,AUGUST,0.0029
SORGHUM,1975,AUGUST,0.0029
SORGHUM,1976,AUGUST,0.0086
SORGHUM,1977,AUGUST,0.0215
SORGHUM,1978,AUGUST,0.0192
SORGHUM,1979,AUGUST,0.0202
SORGHUM,1980,AUGUST,0.0812
SORGHUM,1981,AUGUST,0.1276
SORGHUM,1982,AUGUST,0.1715
SORGHUM,1983,AUGUST,0.5933
SORGHUM,1984,AUGUST,0.4782
SORGHUM,1985,AUGUST,0.2541
SORGHUM,1986,AUGUST,0.5884
SORGHUM,1987,AUGUST,0.6811
SORGHUM,1988,AUGUST,1.0286
SORGHUM,1989,AUGUST,1.1078
SORGHUM,1990,AUGUST,1.1466
SORGHUM,1991,AUGUST,1.4254
SORGHUM,1992,AUGUST,1.5247
SORGHUM,1993,AUGUST,1.7782
SORGHUM,1994,AUGUST,1.8104
SORGHUM,1995,AUGUST,3.2607
SORGHUM,1996,AUGUST,4.872
SORGHUM,1997,AUGUST,6.8677
SORGHUM,1998,AUGUST,9.0685
SORGHUM,1999,AUGUST,7.156
SORGHUM,2000,AUGUST,10.125
SORGHUM,2001,AUGUST,2.15
SORGHUM,2002,AUGUST,21.2168
SORGHUM,2003,AUGUST,21.3798
SORGHUM,2004,AUGUST,26.1406
SORGHUM,2005,AUGUST,64.449
SORGHUM,2006,AUGUST,35.69
SORGHUM,2007,AUGUST,34.81
SORGHUM,2008,AUGUST,67.03
SORGHUM,2009,AUGUST,73.74
SORGHUM,2010,AUGUST,77.6
SORGHUM,2011,AUGUST,91.38
SORGHUM,2012,AUGUST,108.9
SORGHUM,2013,AUGUST,125.3
SORGHUM,2014,AUGUST,162.13
SORGHUM,2015,AUGUST,181.66
SORGHUM,2016,AUGUST,151.32
SORGHUM,2017,AUGUST,206.24
SORGHUM,1970,SEPTEMBER,0.0017
SORGHUM,1971,SEPTEMBER,0.0017
SORGHUM,1972,SEPTEMBER,0.0019
SORGHUM,1973,SEPTEMBER,0.0029
SORGHUM,1974,SEPTEMBER,0.0029
SORGHUM,1975,SEPTEMBER,0.003
SORGHUM,1976,SEPTEMBER,0.0091
SORGHUM,1977,SEPTEMBER,0.0186
SORGHUM,1978,SEPTEMBER,0.0192
SORGHUM,1979,SEPTEMBER,0.0243
SORGHUM,1980,SEPTEMBER,0.0738
SORGHUM,1981,SEPTEMBER,0.093
SORGHUM,1982,SEPTEMBER,0.1486
SORGHUM,1983,SEPTEMBER,0.6572
SORGHUM,1984,SEPTEMBER,0.3799
SORGHUM,1985,SEPTEMBER,0.3069
SORGHUM,1986,SEPTEMBER,0.4714
SORGHUM,1987,SEPTEMBER,0.6449
SORGHUM,1988,SEPTEMBER,1.1183
SORGHUM,1989,SEPTEMBER,0.9793
SORGHUM,1990,SEPTEMBER,1.2025
SORGHUM,1991,SEPTEMBER,1.3435
SORGHUM,1992,SEPTEMBER,1.5506
SORGHUM,1993,SEPTEMBER,1.7022
SORGHUM,1994,SEPTEMBER,1.8016
SORGHUM,1995,SEPTEMBER,3.1086
SORGHUM,1996,SEPTEMBER,4.7555
SORGHUM,1997,SEPTEMBER,7.005
SORGHUM,1998,SEPTEMBER,8.65
SORGHUM,1999,SEPTEMBER,7.0169
SORGHUM,2000,SEPTEMBER,10.18751
SORGHUM,2001,SEPTEMBER,23.5
SORGHUM,2002,SEPTEMBER,21.1274
SORGHUM,2003,SEPTEMBER,20.9079
SORGHUM,2004,SEPTEMBER,27.9281
SORGHUM,2005,SEPTEMBER,43.64
SORGHUM,2006,SEPTEMBER,35.65
SORGHUM,2007,SEPTEMBER,32.17
SORGHUM,2008,SEPTEMBER,69.51
SORGHUM,2009,SEPTEMBER,77.6
SORGHUM,2010,SEPTEMBER,73.11
SORGHUM,2011,SEPTEMBER,85.69
SORGHUM,2012,SEPTEMBER,109.76
SORGHUM,2013,SEPTEMBER,110.24
SORGHUM,2014,SEPTEMBER,172.7
SORGHUM,2015,SEPTEMBER,182.82
SORGHUM,2016,SEPTEMBER,159.86
SORGHUM,2017,SEPTEMBER,216.13
SORGHUM,1970,OCTOBER,0.0017
SORGHUM,1971,OCTOBER,0.0016
SORGHUM,1972,OCTOBER,0.0021
SORGHUM,1973,OCTOBER,0.0032
SORGHUM,1974,OCTOBER,0.003
SORGHUM,1975,OCTOBER,0.003
SORGHUM,1976,OCTOBER,0.0095
SORGHUM,1977,OCTOBER,0.0193
SORGHUM,1978,OCTOBER,0.0181
SORGHUM,1979,OCTOBER,0.0257
SORGHUM,1980,OCTOBER,0.0743
SORGHUM,1981,OCTOBER,0.0978
SORGHUM,1982,OCTOBER,0.1468
SORGHUM,1983,OCTOBER,0.555
SORGHUM,1984,OCTOBER,0.4441
SORGHUM,1985,OCTOBER,0.2878
SORGHUM,1986,OCTOBER,0.4523
SORGHUM,1987,OCTOBER,0.8468
SORGHUM,1988,OCTOBER,1.0237
SORGHUM,1989,OCTOBER,1.0437
SORGHUM,1990,OCTOBER,1.1856
SORGHUM,1991,OCTOBER,1.4328
SORGHUM,1992,OCTOBER,1.6323
SORGHUM,1993,OCTOBER,1.7076
SORGHUM,1994,OCTOBER,1.8442
SORGHUM,1995,OCTOBER,3.2371
SORGHUM,1996,OCTOBER,5.3078
SORGHUM,1997,OCTOBER,7.4253
SORGHUM,1998,OCTOBER,8.5
SORGHUM,1999,OCTOBER,6.2167
SORGHUM,2000,OCTOBER,11.0833
SORGHUM,2001,OCTOBER,19.875
SORGHUM,2002,OCTOBER,21.8701
SORGHUM,2003,OCTOBER,20.5629
SORGHUM,2004,OCTOBER,28.5
SORGHUM,2005,OCTOBER,45.582
SORGHUM,2006,OCTOBER,35.2447
SORGHUM,2007,OCTOBER,39.12
SORGHUM,2008,OCTOBER,70.33
SORGHUM,2009,OCTOBER,79.63
SORGHUM,2010,OCTOBER,68.96
SORGHUM,2011,OCTOBER,84.86
SORGHUM,2012,OCTOBER,114.34
SORGHUM,2013,OCTOBER,115
SORGHUM,2014,OCTOBER,164.37
SORGHUM,2015,OCTOBER,175.08
SORGHUM,2016,OCTOBER,174.65
SORGHUM,2017,OCTOBER,231.07
SORGHUM,1970,NOVEMBER,0.0018
SORGHUM,1971,NOVEMBER,0.0016
SORGHUM,1972,NOVEMBER,0.0022
SORGHUM,1973,NOVEMBER,0.0029
SORGHUM,1974,NOVEMBER,0.003
SORGHUM,1975,NOVEMBER,0.0034
SORGHUM,1976,NOVEMBER,0.0094
SORGHUM,1977,NOVEMBER,0.0162
SORGHUM,1978,NOVEMBER,0.0186
SORGHUM,1979,NOVEMBER,0.0245
SORGHUM,1980,NOVEMBER,0.0828
SORGHUM,1981,NOVEMBER,0.1271
SORGHUM,1982,NOVEMBER,0.1399
SORGHUM,1983,NOVEMBER,0.5725
SORGHUM,1984,NOVEMBER,0.3623
SORGHUM,1985,NOVEMBER,0.3295
SORGHUM,1986,NOVEMBER,0.3723
SORGHUM,1987,NOVEMBER,0.6868
SORGHUM,1988,NOVEMBER,0.9874
SORGHUM,1989,NOVEMBER,0.9384
SORGHUM,1990,NOVEMBER,1.3336
SORGHUM,1991,NOVEMBER,1.3023
SORGHUM,1992,NOVEMBER,1.6327
SORGHUM,1993,NOVEMBER,1.623
SORGHUM,1994,NOVEMBER,2.0389
SORGHUM,1995,NOVEMBER,3.3424
SORGHUM,1996,NOVEMBER,5.6585
SORGHUM,1997,NOVEMBER,7.7223
SORGHUM,1998,NOVEMBER,8.68
SORGHUM,1999,NOVEMBER,6.0632
SORGHUM,2000,NOVEMBER,14
SORGHUM,2001,NOVEMBER,26.25
SORGHUM,2002,NOVEMBER,22.0545
SORGHUM,2003,NOVEMBER,19.6956
SORGHUM,2004,NOVEMBER,29.3
SORGHUM,2005,NOVEMBER,46.348
SORGHUM,2006,NOVEMBER,34.264
SORGHUM,2007,NOVEMBER,41.16
SORGHUM,2008,NOVEMBER,70.44
SORGHUM,2009,NOVEMBER,71.62
SORGHUM,2010,NOVEMBER,70.16
SORGHUM,2011,NOVEMBER,86.43
SORGHUM,2012,NOVEMBER,114.45
SORGHUM,2013,NOVEMBER,122.6
SORGHUM,2014,NOVEMBER,165.61
SORGHUM,2015,NOVEMBER,180.91
SORGHUM,2016,NOVEMBER,180.3
SORGHUM,2017,NOVEMBER,221.05
SORGHUM,1970,DECEMBER,0.0016
SORGHUM,1971,DECEMBER,0.0015
SORGHUM,1972,DECEMBER,0.0022
SORGHUM,1973,DECEMBER,0.0028
SORGHUM,1974,DECEMBER,0.0029
SORGHUM,1975,DECEMBER,0.0032
SORGHUM,1976,DECEMBER,0.0101
SORGHUM,1977,DECEMBER,0.018
SORGHUM,1978,DECEMBER,0.0193
SORGHUM,1979,DECEMBER,0.0245
SORGHUM,1980,DECEMBER,0.0535
SORGHUM,1981,DECEMBER,0.0822
SORGHUM,1982,DECEMBER,0.1803
SORGHUM,1983,DECEMBER,0.41
SORGHUM,1984,DECEMBER,0.2324
SORGHUM,1985,DECEMBER,0.2939
SORGHUM,1986,DECEMBER,0.3723
SORGHUM,1987,DECEMBER,0.6639
SORGHUM,1988,DECEMBER,0.7902
SORGHUM,1989,DECEMBER,0.8025
SORGHUM,1990,DECEMBER,1.3792
SORGHUM,1991,DECEMBER,1.1732
SORGHUM,1992,DECEMBER,1.5526
SORGHUM,1993,DECEMBER,3.1566
SORGHUM,1994,DECEMBER,2.0385
SORGHUM,1995,DECEMBER,3.2867
SORGHUM,1996,DECEMBER,5.4817
SORGHUM,1997,DECEMBER,8.4173
SORGHUM,1998,DECEMBER,9.12
SORGHUM,1999,DECEMBER,6.1946
SORGHUM,2000,DECEMBER,17
SORGHUM,2001,DECEMBER,26
SORGHUM,2002,DECEMBER,20.7815
SORGHUM,2003,DECEMBER,19.2275
SORGHUM,2004,DECEMBER,31.6
SORGHUM,2005,DECEMBER,40.113
SORGHUM,2006,DECEMBER,37.1561
SORGHUM,2007,DECEMBER,39.92
SORGHUM,2008,DECEMBER,66.54
SORGHUM,2009,DECEMBER,70.68
SORGHUM,2010,DECEMBER,71.54
SORGHUM,2011,DECEMBER,87.21
SORGHUM,2012,DECEMBER,122.3
SORGHUM,2013,DECEMBER,136.5
SORGHUM,2014,DECEMBER,166.19
SORGHUM,2015,DECEMBER,178.71
SORGHUM,2016,DECEMBER,174.06
SORGHUM,2017,DECEMBER,228.53
YAM,1970,JANUARY,0.0032
YAM,1971,JANUARY,0.0037
YAM,1972,JANUARY,0.0038
YAM,1973,JANUARY,0.0045
YAM,1974,JANUARY,0.0068
YAM,1975,JANUARY,0.0083
YAM,1976,JANUARY,0.0123
YAM,1977,JANUARY,0.028
YAM,1978,JANUARY,0.0388
YAM,1979,JANUARY,0.032
YAM,1980,JANUARY,0.0693
YAM,1981,JANUARY,0.1072
YAM,1982,JANUARY,0.1923
YAM,1983,JANUARY,0.3171
YAM,1984,JANUARY,0.1205
YAM,1985,JANUARY,0.6713
YAM,1986,JANUARY,0.6873
YAM,1987,JANUARY,0.6917
YAM,1988,JANUARY,1.6568
YAM,1989,JANUARY,1.9201
YAM,1990,JANUARY,2.2347
YAM,1991,JANUARY,3.0079
YAM,1992,JANUARY,2.3458
YAM,1993,JANUARY,3.1387
YAM,1994,JANUARY,3.9947
YAM,1995,JANUARY,6.2848
YAM,1996,JANUARY,8.5925
YAM,1997,JANUARY,10.4233
YAM,1998,JANUARY,13.5954
YAM,1999,JANUARY,17.1662
YAM,2000,JANUARY,14.9471
YAM,2001,JANUARY,25.3173
YAM,2002,JANUARY,35.9778
YAM,2003,JANUARY,44.1266
YAM,2004,JANUARY,49.3146
YAM,2005,JANUARY,52.561
YAM,2006,JANUARY,60.863
YAM,2007,JANUARY,63.03
YAM,2008,JANUARY,84.27
YAM,2009,JANUARY,108.8
YAM,2010,JANUARY,130.19
YAM,2011,JANUARY,154.22
YAM,2012,JANUARY,185.25
YAM,2013,JANUARY,245.7
YAM,2014,JANUARY,231.59
YAM,2015,JANUARY,256.87
YAM,2016,JANUARY,375.13
YAM,2017,JANUARY,473.95
YAM,1970,FEBRUARY,0.0031
YAM,1971,FEBRUARY,0.0039
YAM,1972,FEBRUARY,0.0044
YAM,1973,FEBRUARY,0.0053
YAM,1974,FEBRUARY,0.007
YAM,1975,FEBRUARY,0.0088
YAM,1976,FEBRUARY,0.0106
YAM,1977,FEBRUARY,0.02
YAM,1978,FEBRUARY,0.0416
YAM,1979,FEBRUARY,0.0541
YAM,1980,FEBRUARY,0.0689
YAM,1981,FEBRUARY,0.1187
YAM,1982,FEBRUARY,0.1266
YAM,1983,FEBRUARY,0.392
YAM,1984,FEBRUARY,1.0092
YAM,1985,FEBRUARY,0.5889
YAM,1986,FEBRUARY,0.6758
YAM,1987,FEBRUARY,1.0221
YAM,1988,FEBRUARY,1.6591
YAM,1989,FEBRUARY,2.1409
YAM,1990,FEBRUARY,2.4844
YAM,1991,FEBRUARY,3.1432
YAM,1992,FEBRUARY,2.4107
YAM,1993,FEBRUARY,3.5129
YAM,1994,FEBRUARY,4.6182
YAM,1995,FEBRUARY,6.7097
YAM,1996,FEBRUARY,9.1551
YAM,1997,FEBRUARY,11.3571
YAM,1998,FEBRUARY,18.1212
YAM,1999,FEBRUARY,19.0487
YAM,2000,FEBRUARY,15.3279
YAM,2001,FEBRUARY,27.8776
YAM,2002,FEBRUARY,40.1551
YAM,2003,FEBRUARY,47.1985
YAM,2004,FEBRUARY,47.7016
YAM,2005,FEBRUARY,54.16
YAM,2006,FEBRUARY,65.55
YAM,2007,FEBRUARY,66.91
YAM,2008,FEBRUARY,90.72
YAM,2009,FEBRUARY,115.5
YAM,2010,FEBRUARY,139.96
YAM,2011,FEBRUARY,150.1
YAM,2012,FEBRUARY,195.75
YAM,2013,FEBRUARY,251.8
YAM,2014,FEBRUARY,240.31
YAM,2015,FEBRUARY,259.37
YAM,2016,FEBRUARY,382.98
YAM,2017,FEBRUARY,476.47
YAM,1970,MARCH,0.0035
YAM,1971,MARCH,0.004
YAM,1972,MARCH,0.0045
YAM,1973,MARCH,0.0057
YAM,1974,MARCH,0.0075
YAM,1975,MARCH,0.009
YAM,1976,MARCH,0.0122
YAM,1977,MARCH,0.0165
YAM,1978,MARCH,0.0414
YAM,1979,MARCH,0.0727
YAM,1980,MARCH,0.078
YAM,1981,MARCH,0.1406
YAM,1982,MARCH,0.1379
YAM,1983,MARCH,0.4934
YAM,1984,MARCH,1.0384
YAM,1985,MARCH,0.7955
YAM,1986,MARCH,0.872
YAM,1987,MARCH,1.3245
YAM,1988,MARCH,1.9582
YAM,1989,MARCH,2.3555
YAM,1990,MARCH,2.3851
YAM,1991,MARCH,3.1835
YAM,1992,MARCH,2.5869
YAM,1993,MARCH,3.8287
YAM,1994,MARCH,5.1978
YAM,1995,MARCH,7.122
YAM,1996,MARCH,9.2049
YAM,1997,MARCH,12.7028
YAM,1998,MARCH,15.8804
YAM,1999,MARCH,19.0244
YAM,2000,MARCH,17.1739
YAM,2001,MARCH,28.4196
YAM,2002,MARCH,39.8746
YAM,2003,MARCH,49.3975
YAM,2004,MARCH,47.6452
YAM,2005,MARCH,61.618
YAM,2006,MARCH,64.8
YAM,2007,MARCH,71.75
YAM,2008,MARCH,96.81
YAM,2009,MARCH,109.32
YAM,2010,MARCH,142.42
YAM,2011,MARCH,160.43
YAM,2012,MARCH,203.77
YAM,2013,MARCH,250
YAM,2014,MARCH,252.87
YAM,2015,MARCH,277.06
YAM,2016,MARCH,423.63
YAM,2017,MARCH,528.26
YAM,1970,APRIL,0.0037
YAM,1971,APRIL,0.0034
YAM,1972,APRIL,0.0051
YAM,1973,APRIL,0.006
YAM,1974,APRIL,0.0077
YAM,1975,APRIL,0.0089
YAM,1976,APRIL,0.0138
YAM,1977,APRIL,0.0295
YAM,1978,APRIL,0.0502
YAM,1979,APRIL,0.0653
YAM,1980,APRIL,0.0894
YAM,1981,APRIL,0.1562
YAM,1982,APRIL,0.1779
YAM,1983,APRIL,0.6518
YAM,1984,APRIL,0.9408
YAM,1985,APRIL,1.0185
YAM,1986,APRIL,0.8704
YAM,1987,APRIL,1.0486
YAM,1988,APRIL,2.2441
YAM,1989,APRIL,2.6179
YAM,1990,APRIL,3.0331
YAM,1991,APRIL,3.4923
YAM,1992,APRIL,3.1808
YAM,1993,APRIL,4.5055
YAM,1994,APRIL,5.9057
YAM,1995,APRIL,8.8462
YAM,1996,APRIL,10.0461
YAM,1997,APRIL,15.3994
YAM,1998,APRIL,16.8611
YAM,1999,APRIL,20.6363
YAM,2000,APRIL,20.353
YAM,2001,APRIL,32.7745
YAM,2002,APRIL,44.1892
YAM,2003,APRIL,49.3084
YAM,2004,APRIL,56.3877
YAM,2005,APRIL,73.5255
YAM,2006,APRIL,72.847
YAM,2007,APRIL,83.09
YAM,2008,APRIL,113.13
YAM,2009,APRIL,123.93
YAM,2010,APRIL,153.88
YAM,2011,APRIL,173.61
YAM,2012,APRIL,208.18
YAM,2013,APRIL,270.32
YAM,2014,APRIL,263.83
YAM,2015,APRIL,287.39
YAM,2016,APRIL,473.1
YAM,2017,APRIL,561.18
YAM,1970,MAY,0.004
YAM,1971,MAY,0.0051
YAM,1972,MAY,0.0061
YAM,1973,MAY,0.0067
YAM,1974,MAY,0.0081
YAM,1975,MAY,0.0106
YAM,1976,MAY,0.0136
YAM,1977,MAY,0.0291
YAM,1978,MAY,0.059
YAM,1979,MAY,0.083
YAM,1980,MAY,0.0875
YAM,1981,MAY,0.1668
YAM,1982,MAY,0.2586
YAM,1983,MAY,0.6448
YAM,1984,MAY,0.9967
YAM,1985,MAY,0.7202
YAM,1986,MAY,0.885
YAM,1987,MAY,1.1953
YAM,1988,MAY,2.5795
YAM,1989,MAY,2.8802
YAM,1990,MAY,3.7781
YAM,1991,MAY,3.7553
YAM,1992,MAY,3.5234
YAM,1993,MAY,5.0629
YAM,1994,MAY,6.203
YAM,1995,MAY,10.8973
YAM,1996,MAY,11.7041
YAM,1997,MAY,17.3003
YAM,1998,MAY,20.8156
YAM,1999,MAY,21.8177
YAM,2000,MAY,21.8481
YAM,2001,MAY,42.4474
YAM,2002,MAY,49.7867
YAM,2003,MAY,53.0184
YAM,2004,MAY,62.4502
YAM,2005,MAY,77.123
YAM,2006,MAY,80.745
YAM,2007,MAY,97.46
YAM,2008,MAY,124.89
YAM,2009,MAY,130.9
YAM,2010,MAY,167.71
YAM,2011,MAY,190.91
YAM,2012,MAY,246.16
YAM,2013,MAY,297.4
YAM,2014,MAY,295.13
YAM,2015,MAY,345.26
YAM,2016,MAY,524.89
YAM,2017,MAY,551.12
YAM,1970,JUNE,0.0039
YAM,1971,JUNE,0.0054
YAM,1972,JUNE,0.0065
YAM,1973,JUNE,0.0067
YAM,1974,JUNE,0.009
YAM,1975,JUNE,0.0099
YAM,1976,JUNE,0.0164
YAM,1977,JUNE,0.0443
YAM,1978,JUNE,0.0688
YAM,1979,JUNE,0.0773
YAM,1980,JUNE,0.1145
YAM,1981,JUNE,0.23
YAM,1982,JUNE,0.2426
YAM,1983,JUNE,0.7279
YAM,1984,JUNE,0.9285
YAM,1985,JUNE,0.6454
YAM,1986,JUNE,0.9964
YAM,1987,JUNE,1.2219
YAM,1988,JUNE,2.701
YAM,1989,JUNE,3.2042
YAM,1990,JUNE,3.7661
YAM,1991,JUNE,4.3023
YAM,1992,JUNE,3.9924
YAM,1993,JUNE,6.0577
YAM,1994,JUNE,7.1049
YAM,1995,JUNE,12.3594
YAM,1996,JUNE,13.3537
YAM,1997,JUNE,20.114
YAM,1998,JUNE,42
YAM,1999,JUNE,19.9202
YAM,2000,JUNE,22.8998
YAM,2001,JUNE,49.9912
YAM,2002,JUNE,56.6357
YAM,2003,JUNE,64.7137
YAM,2004,JUNE,68.987
YAM,2005,JUNE,92.055
YAM,2006,JUNE,88.42
YAM,2007,JUNE,113.92
YAM,2008,JUNE,131.54
YAM,2009,JUNE,135.03
YAM,2010,JUNE,194.79
YAM,2011,JUNE,194.23
YAM,2012,JUNE,280.46
YAM,2013,JUNE,282.81
YAM,2014,JUNE,344.45
YAM,2015,JUNE,378.35
YAM,2016,JUNE,507
YAM,2017,JUNE,637.65
YAM,1970,JULY,0.0036
YAM,1971,JULY,0.0039
YAM,1972,JULY,0.0041
YAM,1973,JULY,0.0055
YAM,1974,JULY,0.007
YAM,1975,JULY,0.0093
YAM,1976,JULY,0.0168
YAM,1977,JULY,0.044
YAM,1978,JULY,0.0565
YAM,1979,JULY,0.0576
YAM,1980,JULY,0.1035
YAM,1981,JULY,0.2414
YAM,1982,JULY,0.3056
YAM,1983,JULY,1.0752
YAM,1984,JULY,0.7188
YAM,1985,JULY,0.884
YAM,1986,JULY,1.0172
YAM,1987,JULY,1.176
YAM,1988,JULY,2.161
YAM,1989,JULY,3.1102
YAM,1990,JULY,4.489
YAM,1991,JULY,3.3372
YAM,1992,JULY,4.2369
YAM,1993,JULY,5.4566
YAM,1994,JULY,6.3907
YAM,1995,JULY,12.8746
YAM,1996,JULY,12.3145
YAM,1997,JULY,16.6678
YAM,1998,JULY,46
YAM,1999,JULY,16.9851
YAM,2000,JULY,25.2753
YAM,2001,JULY,50.8701
YAM,2002,JULY,53.0884
YAM,2003,JULY,56.7211
YAM,2004,JULY,65.2491
YAM,2005,JULY,90.079
YAM,2006,JULY,88.4145
YAM,2007,JULY,113.78
YAM,2008,JULY,129.53
YAM,2009,JULY,121.35
YAM,2010,JULY,196.37
YAM,2011,JULY,202.1
YAM,2012,JULY,258.3
YAM,2013,JULY,265.8
YAM,2014,JULY,322.36
YAM,2015,JULY,376.93
YAM,2016,JULY,507.53
YAM,2017,JULY,589.93
YAM,1970,AUGUST,0.0037
YAM,1971,AUGUST,0.0034
YAM,1972,AUGUST,0.0035
YAM,1973,AUGUST,0.0047
YAM,1974,AUGUST,0.0057
YAM,1975,AUGUST,0.0071
YAM,1976,AUGUST,0.0144
YAM,1977,AUGUST,0.0303
YAM,1978,AUGUST,0.0418
YAM,1979,AUGUST,0.0481
YAM,1980,AUGUST,0.1155
YAM,1981,AUGUST,0.1393
YAM,1982,AUGUST,0.2442
YAM,1983,AUGUST,0.7195
YAM,1984,AUGUST,0.4622
YAM,1985,AUGUST,0.574
YAM,1986,AUGUST,0.9526
YAM,1987,AUGUST,1.1071
YAM,1988,AUGUST,1.8885
YAM,1989,AUGUST,2.4946
YAM,1990,AUGUST,3.984
YAM,1991,AUGUST,2.6982
YAM,1992,AUGUST,2.8831
YAM,1993,AUGUST,3.7417
YAM,1994,AUGUST,5.863
YAM,1995,AUGUST,7.255
YAM,1996,AUGUST,8.7488
YAM,1997,AUGUST,15.7226
YAM,1998,AUGUST,38.62
YAM,1999,AUGUST,14.7612
YAM,2000,AUGUST,33.335
YAM,2001,AUGUST,63.3
YAM,2002,AUGUST,41.4691
YAM,2003,AUGUST,42.2163
YAM,2004,AUGUST,67.8046
YAM,2005,AUGUST,61.579
YAM,2006,AUGUST,70.075
YAM,2007,AUGUST,80.91
YAM,2008,AUGUST,94.41
YAM,2009,AUGUST,112.04
YAM,2010,AUGUST,140.13
YAM,2011,AUGUST,156.6
YAM,2012,AUGUST,203.1
YAM,2013,AUGUST,216.6
YAM,2014,AUGUST,285.3
YAM,2015,AUGUST,368.4
YAM,2016,AUGUST,422.7
YAM,2017,AUGUST,524.45
YAM,1970,SEPTEMBER,0.0031
YAM,1971,SEPTEMBER,0.003
YAM,1972,SEPTEMBER,0.0031
YAM,1973,SEPTEMBER,0.0043
YAM,1974,SEPTEMBER,0.0053
YAM,1975,SEPTEMBER,0.0073
YAM,1976,SEPTEMBER,0.0139
YAM,1977,SEPTEMBER,0.0245
YAM,1978,SEPTEMBER,0.0351
YAM,1979,SEPTEMBER,0.0407
YAM,1980,SEPTEMBER,0.1139
YAM,1981,SEPTEMBER,0.1287
YAM,1982,SEPTEMBER,0.2075
YAM,1983,SEPTEMBER,0.7371
YAM,1984,SEPTEMBER,0.5101
YAM,1985,SEPTEMBER,0.5551
YAM,1986,SEPTEMBER,0.8824
YAM,1987,SEPTEMBER,1.0751
YAM,1988,SEPTEMBER,1.683
YAM,1989,SEPTEMBER,1.861
YAM,1990,SEPTEMBER,2.302
YAM,1991,SEPTEMBER,2.1079
YAM,1992,SEPTEMBER,2.1722
YAM,1993,SEPTEMBER,2.9652
YAM,1994,SEPTEMBER,4.623
YAM,1995,SEPTEMBER,5.7687
YAM,1996,SEPTEMBER,7.152
YAM,1997,SEPTEMBER,12.5781
YAM,1998,SEPTEMBER,21.05
YAM,1999,SEPTEMBER,13.0303
YAM,2000,SEPTEMBER,21.49671
YAM,2001,SEPTEMBER,33.1567
YAM,2002,SEPTEMBER,31.9212
YAM,2003,SEPTEMBER,37.036
YAM,2004,SEPTEMBER,41.8697
YAM,2005,SEPTEMBER,53.841
YAM,2006,SEPTEMBER,60.901
YAM,2007,SEPTEMBER,66.8
YAM,2008,SEPTEMBER,80.7
YAM,2009,SEPTEMBER,112.4
YAM,2010,SEPTEMBER,115.82
YAM,2011,SEPTEMBER,132.91
YAM,2012,SEPTEMBER,185.46
YAM,2013,SEPTEMBER,183.9
YAM,2014,SEPTEMBER,239.67
YAM,2015,SEPTEMBER,301.04
YAM,2016,SEPTEMBER,383.06
YAM,2017,SEPTEMBER,482.71
YAM,1970,OCTOBER,0.003
YAM,1971,OCTOBER,0.003
YAM,1972,OCTOBER,0.0035
YAM,1973,OCTOBER,0.0042
YAM,1974,OCTOBER,0.0056
YAM,1975,OCTOBER,0.0157
YAM,1976,OCTOBER,0.0116
YAM,1977,OCTOBER,0.0238
YAM,1978,OCTOBER,0.0348
YAM,1979,OCTOBER,0.0516
YAM,1980,OCTOBER,0.099
YAM,1981,OCTOBER,0.1408
YAM,1982,OCTOBER,0.2131
YAM,1983,OCTOBER,0.7142
YAM,1984,OCTOBER,0.4934
YAM,1985,OCTOBER,0.5762
YAM,1986,OCTOBER,0.8861
YAM,1987,OCTOBER,1.0949
YAM,1988,OCTOBER,1.3407
YAM,1989,OCTOBER,1.7437
YAM,1990,OCTOBER,2.1861
YAM,1991,OCTOBER,2.0647
YAM,1992,OCTOBER,2.1756
YAM,1993,OCTOBER,2.9871
YAM,1994,OCTOBER,4.24
YAM,1995,OCTOBER,6.0113
YAM,1996,OCTOBER,7.1711
YAM,1997,OCTOBER,12.5781
YAM,1998,OCTOBER,17
YAM,1999,OCTOBER,10.4263
YAM,2000,OCTOBER,19.8
YAM,2001,OCTOBER,24.9375
YAM,2002,OCTOBER,34.1612
YAM,2003,OCTOBER,34.2243
YAM,2004,OCTOBER,43.3
YAM,2005,OCTOBER,58.083
YAM,2006,OCTOBER,52.23
YAM,2007,OCTOBER,68.45
YAM,2008,OCTOBER,80.96
YAM,2009,OCTOBER,113.48
YAM,2010,OCTOBER,124.65
YAM,2011,OCTOBER,130.15
YAM,2012,OCTOBER,191.7
YAM,2013,OCTOBER,209.83
YAM,2014,OCTOBER,230.58
YAM,2015,OCTOBER,309.44
YAM,2016,OCTOBER,383.06
YAM,2017,OCTOBER,447.24
YAM,1970,NOVEMBER,0.0033
YAM,1971,NOVEMBER,0.0034
YAM,1972,NOVEMBER,0.0041
YAM,1973,NOVEMBER,0.0054
YAM,1974,NOVEMBER,0.0066
YAM,1975,NOVEMBER,0.0089
YAM,1976,NOVEMBER,0.0118
YAM,1977,NOVEMBER,0.0311
YAM,1978,NOVEMBER,0.046
YAM,1979,NOVEMBER,0.0559
YAM,1980,NOVEMBER,0.1011
YAM,1981,NOVEMBER,0.1392
YAM,1982,NOVEMBER,0.2577
YAM,1983,NOVEMBER,0.9716
YAM,1984,NOVEMBER,0.6159
YAM,1985,NOVEMBER,0.6327
YAM,1986,NOVEMBER,0.9962
YAM,1987,NOVEMBER,0.9968
YAM,1988,NOVEMBER,1.5689
YAM,1989,NOVEMBER,1.9883
YAM,1990,NOVEMBER,2.5203
YAM,1991,NOVEMBER,2.1632
YAM,1992,NOVEMBER,2.4695
YAM,1993,NOVEMBER,3.2805
YAM,1994,NOVEMBER,4.8295
YAM,1995,NOVEMBER,6.8489
YAM,1996,NOVEMBER,9.7803
YAM,1997,NOVEMBER,15.0937
YAM,1998,NOVEMBER,18
YAM,1999,NOVEMBER,13.166
YAM,2000,NOVEMBER,22.81621
YAM,2001,NOVEMBER,22.5563
YAM,2002,NOVEMBER,36.4818
YAM,2003,NOVEMBER,35.5483
YAM,2004,NOVEMBER,46.4
YAM,2005,NOVEMBER,64.56
YAM,2006,NOVEMBER,54.5905
YAM,2007,NOVEMBER,75.93
YAM,2008,NOVEMBER,92
YAM,2009,NOVEMBER,120.64
YAM,2010,NOVEMBER,114.45
YAM,2011,NOVEMBER,136.1
YAM,2012,NOVEMBER,202
YAM,2013,NOVEMBER,209.83
YAM,2014,NOVEMBER,231.92
YAM,2015,NOVEMBER,327.25
YAM,2016,NOVEMBER,400.17
YAM,2017,NOVEMBER,462.33
YAM,1970,DECEMBER,0.0035
YAM,1971,DECEMBER,0.0042
YAM,1972,DECEMBER,0.0044
YAM,1973,DECEMBER,0.0063
YAM,1974,DECEMBER,0.0073
YAM,1975,DECEMBER,0.0105
YAM,1976,DECEMBER,0.0182
YAM,1977,DECEMBER,0.0282
YAM,1978,DECEMBER,0.0518
YAM,1979,DECEMBER,0.0636
YAM,1980,DECEMBER,0.108
YAM,1981,DECEMBER,0.1448
YAM,1982,DECEMBER,0.2236
YAM,1983,DECEMBER,0.9788
YAM,1984,DECEMBER,0.518
YAM,1985,DECEMBER,0.5141
YAM,1986,DECEMBER,1.0928
YAM,1987,DECEMBER,0.9684
YAM,1988,DECEMBER,1.823
YAM,1989,DECEMBER,2.0032
YAM,1990,DECEMBER,2.9599
YAM,1991,DECEMBER,2.1074
YAM,1992,DECEMBER,2.907
YAM,1993,DECEMBER,3.5805
YAM,1994,DECEMBER,5.0018
YAM,1995,DECEMBER,7.6843
YAM,1996,DECEMBER,9.7611
YAM,1997,DECEMBER,10.5656
YAM,1998,DECEMBER,19.5
YAM,1999,DECEMBER,13.7382
YAM,2000,DECEMBER,23.068
YAM,2001,DECEMBER,27.3513
YAM,2002,DECEMBER,40.2639
YAM,2003,DECEMBER,42.7757
YAM,2004,DECEMBER,52.1
YAM,2005,DECEMBER,59.8314
YAM,2006,DECEMBER,62.5733
YAM,2007,DECEMBER,81.56
YAM,2008,DECEMBER,96.19
YAM,2009,DECEMBER,137.84
YAM,2010,DECEMBER,132.85
YAM,2011,DECEMBER,159.44
YAM,2012,DECEMBER,218.9
YAM,2013,DECEMBER,249.3
YAM,2014,DECEMBER,268
YAM,2015,DECEMBER,345.17
YAM,2016,DECEMBER,424.69
YAM,2017,DECEMBER,461.76
